test_id,category,filename,relative_path,expected_brand,expected_verdict,predicted_brand,actual_verdict,threat_type,is_correct,confidence_score,siglip2_score,dinov2_score,cielab_delta_e,edge_stroke_iou,ocr_match,detected_text,classifier_pred,classifier_conf,classifier_unk_prob,matched_reference,latency_ms,action_reason
1,OFFICIAL_LOGO,a200m.png,logos\a200m.png,a200m,MATCH,a200m,MATCH,EXACT_REPLICA,1,1.0,1.0,1.0,0.0,1.0,1,,a200m,0.7402,0.102,a200m.png,2868.9,"High-confidence multi-modal consensus confirming authentic official logo 'a200m' (SigLIP=1.000, DINOv2=1.000, Edge IoU=1.000, Delta E=0.0)."
2,OFFICIAL_LOGO,asia100.png,logos\asia100.png,asia100,MATCH,asia100,MATCH,EXACT_REPLICA,1,1.0,1.0,1.0,0.13,1.0,1,,asia100,0.7367,0.1549,asia100.png,5516.4,"High-confidence multi-modal consensus confirming authentic official logo 'asia100' (SigLIP=1.000, DINOv2=1.000, Edge IoU=1.000, Delta E=0.1)."
3,OFFICIAL_LOGO,asia200.png,logos\asia200.png,asia200,MATCH,asia200,MATCH,EXACT_REPLICA,1,1.0,1.0,1.0,0.0,1.0,1,,asia200,0.5605,0.2924,asia200.png,2167.7,"High-confidence multi-modal consensus confirming authentic official logo 'asia200' (SigLIP=1.000, DINOv2=1.000, Edge IoU=1.000, Delta E=0.0)."
4,OFFICIAL_LOGO,asia300.png,logos\asia300.png,asia300,MATCH,asia300,MATCH,EXACT_REPLICA,1,1.0,1.0,1.0,0.05,1.0,1,,asia300,0.8242,0.1149,asia300.png,5891.4,"High-confidence multi-modal consensus confirming authentic official logo 'asia300' (SigLIP=1.000, DINOv2=1.000, Edge IoU=1.000, Delta E=0.1)."
5,OFFICIAL_LOGO,asia400.png,logos\asia400.png,asia400,MATCH,asia400,MATCH,EXACT_REPLICA,1,1.0,1.0,1.0,0.08,1.0,1,,asia400,0.455,0.2872,asia400.png,5960.7,"High-confidence multi-modal consensus confirming authentic official logo 'asia400' (SigLIP=1.000, DINOv2=1.000, Edge IoU=1.000, Delta E=0.1)."
6,OFFICIAL_LOGO,b200m.png,logos\b200m.png,b200m,MATCH,b200m,MATCH,EXACT_REPLICA,1,1.0,1.0,1.0,0.5,1.0,1,,b200m,0.5065,0.4092,b200m.png,2699.5,"High-confidence multi-modal consensus confirming authentic official logo 'b200m' (SigLIP=1.000, DINOv2=1.000, Edge IoU=1.000, Delta E=0.5)."
7,OFFICIAL_LOGO,bonaslot.png,logos\bonaslot.png,bonaslot,MATCH,bonaslot,MATCH,EXACT_REPLICA,1,1.0,1.0,1.0,0.5,1.0,1,,bonaslot,0.8343,0.1084,bonaslot.png,2953.9,"High-confidence multi-modal consensus confirming authentic official logo 'bonaslot' (SigLIP=1.000, DINOv2=1.000, Edge IoU=1.000, Delta E=0.5)."
8,OFFICIAL_LOGO,c200m.png,logos\c200m.png,c200m,MATCH,c200m,MATCH,EXACT_REPLICA,1,1.0,1.0,1.0,0.04,1.0,1,,c200m,0.7335,0.1048,c200m.png,2523.9,"High-confidence multi-modal consensus confirming authentic official logo 'c200m' (SigLIP=1.000, DINOv2=1.000, Edge IoU=1.000, Delta E=0.0)."
9,OFFICIAL_LOGO,d200m.png,logos\d200m.png,d200m,MATCH,d200m,MATCH,EXACT_REPLICA,1,1.0,1.0,1.0,0.14,1.0,1,,d200m,0.5577,0.238,d200m.png,2555.9,"High-confidence multi-modal consensus confirming authentic official logo 'd200m' (SigLIP=1.000, DINOv2=1.000, Edge IoU=1.000, Delta E=0.1)."
10,OFFICIAL_LOGO,depo89.png,logos\depo89.png,depo89,MATCH,depo89,MATCH,EXACT_REPLICA,1,1.0,1.0,1.0,0.01,1.0,1,,depo89,0.8714,0.1029,depo89.png,2489.2,"High-confidence multi-modal consensus confirming authentic official logo 'depo89' (SigLIP=1.000, DINOv2=1.000, Edge IoU=1.000, Delta E=0.0)."
11,OFFICIAL_LOGO,dewi11.png,logos\dewi11.png,dewi11,MATCH,dewi11,MATCH,EXACT_REPLICA,1,1.0,1.0,1.0,0.0,1.0,1,,dewi11,0.8858,0.0977,dewi11.png,3992.7,"High-confidence multi-modal consensus confirming authentic official logo 'dewi11' (SigLIP=1.000, DINOv2=1.000, Edge IoU=1.000, Delta E=0.0)."
12,OFFICIAL_LOGO,e200m.png,logos\e200m.png,e200m,MATCH,e200m,MATCH,EXACT_REPLICA,1,1.0,1.0,1.0,0.04,1.0,1,,e200m,0.7811,0.1166,e200m.png,3065.9,"High-confidence multi-modal consensus confirming authentic official logo 'e200m' (SigLIP=1.000, DINOv2=1.000, Edge IoU=1.000, Delta E=0.0)."
13,OFFICIAL_LOGO,f200m.png,logos\f200m.png,f200m,MATCH,f200m,MATCH,EXACT_REPLICA,1,1.0,1.0,1.0,0.0,1.0,1,,f200m,0.6696,0.0763,f200m.png,2656.8,"High-confidence multi-modal consensus confirming authentic official logo 'f200m' (SigLIP=1.000, DINOv2=1.000, Edge IoU=1.000, Delta E=0.0)."
14,OFFICIAL_LOGO,fufuslot.png,logos\fufuslot.png,fufuslot,MATCH,fufuslot,MATCH,EXACT_REPLICA,1,1.0,1.0,1.0,0.45,1.0,1,,fufuslot,0.7473,0.1151,fufuslot.png,2505.4,"High-confidence multi-modal consensus confirming authentic official logo 'fufuslot' (SigLIP=1.000, DINOv2=1.000, Edge IoU=1.000, Delta E=0.5)."
15,OFFICIAL_LOGO,g200m.png,logos\g200m.png,g200m,MATCH,g200m,MATCH,EXACT_REPLICA,1,1.0,1.0,1.0,0.0,1.0,1,,g200m,0.6084,0.2555,g200m.png,2687.0,"High-confidence multi-modal consensus confirming authentic official logo 'g200m' (SigLIP=1.000, DINOv2=1.000, Edge IoU=1.000, Delta E=0.0)."
16,OFFICIAL_LOGO,hahasurga.png,logos\hahasurga.png,hahasurga,MATCH,hahasurga,MATCH,EXACT_REPLICA,1,0.9773,1.0,1.0,0.5,0.8484,1,,hahasurga,0.7542,0.1957,hahasurga.png,13402.4,"High-confidence multi-modal consensus confirming authentic official logo 'hahasurga' (SigLIP=1.000, DINOv2=1.000, Edge IoU=0.848, Delta E=0.5)."
17,OFFICIAL_LOGO,j200m.png,logos\j200m.png,j200m,MATCH,j200m,MATCH,EXACT_REPLICA,1,1.0,1.0,1.0,0.18,1.0,1,,j200m,0.6297,0.2049,j200m.png,2452.8,"High-confidence multi-modal consensus confirming authentic official logo 'j200m' (SigLIP=1.000, DINOv2=1.000, Edge IoU=1.000, Delta E=0.2)."
18,OFFICIAL_LOGO,jagoledak.png,logos\jagoledak.png,jagoledak,MATCH,jagoledak,MATCH,EXACT_REPLICA,1,1.0,1.0,1.0,0.0,1.0,1,,jagoledak,0.6387,0.3384,jagoledak.png,6378.8,"High-confidence multi-modal consensus confirming authentic official logo 'jagoledak' (SigLIP=1.000, DINOv2=1.000, Edge IoU=1.000, Delta E=0.0)."
19,OFFICIAL_LOGO,jos007.png,logos\jos007.png,jos007,MATCH,jos007,MATCH,EXACT_REPLICA,1,1.0,1.0,1.0,0.09,1.0,1,,jos007,0.9138,0.0561,jos007.png,2578.1,"High-confidence multi-modal consensus confirming authentic official logo 'jos007' (SigLIP=1.000, DINOv2=1.000, Edge IoU=1.000, Delta E=0.1)."
20,OFFICIAL_LOGO,k200m.png,logos\k200m.png,k200m,MATCH,k200m,MATCH,EXACT_REPLICA,1,1.0,1.0,1.0,0.24,1.0,1,,k200m,0.8187,0.1221,k200m.png,2580.8,"High-confidence multi-modal consensus confirming authentic official logo 'k200m' (SigLIP=1.000, DINOv2=1.000, Edge IoU=1.000, Delta E=0.2)."
21,OFFICIAL_LOGO,madura88.png,logos\madura88.png,madura88,MATCH,madura88,REVIEW,LAYOUT_MODIFICATION,0,0.92,1.0,1.0,0.0,1.0,0,,madura88,0.9491,0.0335,madura88.png,2720.8,"Moderate similarity with 'madura88' (score=0.920), requires manual forensic review to confirm authenticity."
22,OFFICIAL_LOGO,mposurga.png,logos\mposurga.png,mposurga,MATCH,mposurga,MATCH,EXACT_REPLICA,1,1.0,1.0,1.0,0.18,1.0,1,,mposurga,0.8148,0.1029,mposurga.png,2598.6,"High-confidence multi-modal consensus confirming authentic official logo 'mposurga' (SigLIP=1.000, DINOv2=1.000, Edge IoU=1.000, Delta E=0.2)."
23,OFFICIAL_LOGO,nusa211.png,logos\nusa211.png,nusa211,MATCH,nusa211,MATCH,EXACT_REPLICA,1,1.0,1.0,1.0,0.5,1.0,1,,nusa211,0.6597,0.2698,nusa211.png,2510.2,"High-confidence multi-modal consensus confirming authentic official logo 'nusa211' (SigLIP=1.000, DINOv2=1.000, Edge IoU=1.000, Delta E=0.5)."
24,OFFICIAL_LOGO,p200m.png,logos\p200m.png,p200m,MATCH,p200m,MATCH,EXACT_REPLICA,1,1.0,1.0,1.0,0.03,1.0,1,,p200m,0.7924,0.0166,p200m.png,2600.1,"High-confidence multi-modal consensus confirming authentic official logo 'p200m' (SigLIP=1.000, DINOv2=1.000, Edge IoU=1.000, Delta E=0.0)."
25,OFFICIAL_LOGO,paduka500.png,logos\paduka500.png,paduka500,MATCH,paduka500,REVIEW,NUMBER_COLLISION,0,1.0,1.0,1.0,0.03,1.0,1,,paduka500,0.8446,0.0842,paduka500.png,2733.5,"Candidate visual identity matches 'paduka500', but alphanumeric text differs ('PADUKA5DD TEMPATBERMAINPADUKARAJA' vs 'PADUKA5DD TEMPATBERMAINPADUKARAJA'). Suspicious brand squatter/clone."
26,OFFICIAL_LOGO,pasti200m.png,logos\pasti200m.png,pasti200m,MATCH,pasti200m,MATCH,EXACT_REPLICA,1,1.0,1.0,1.0,0.07,1.0,1,,pasti200m,0.8294,0.1424,pasti200m.png,2529.3,"High-confidence multi-modal consensus confirming authentic official logo 'pasti200m' (SigLIP=1.000, DINOv2=1.000, Edge IoU=1.000, Delta E=0.1)."
27,OFFICIAL_LOGO,raja100.png,logos\raja100.png,raja100,MATCH,raja100,MATCH,EXACT_REPLICA,1,1.0,1.0,1.0,0.5,1.0,1,,raja100,0.8961,0.0636,raja100.png,2730.7,"High-confidence multi-modal consensus confirming authentic official logo 'raja100' (SigLIP=1.000, DINOv2=1.000, Edge IoU=1.000, Delta E=0.5)."
28,OFFICIAL_LOGO,sgcplay.png,logos\sgcplay.png,sgcplay,MATCH,sgcplay,MATCH,EXACT_REPLICA,1,1.0,1.0,1.0,0.11,1.0,1,,sgcplay,0.8314,0.0554,sgcplay.png,2862.4,"High-confidence multi-modal consensus confirming authentic official logo 'sgcplay' (SigLIP=1.000, DINOv2=1.000, Edge IoU=1.000, Delta E=0.1)."
29,OFFICIAL_LOGO,sgcvip.png,logos\sgcvip.png,sgcvip,MATCH,sgcvip,MATCH,EXACT_REPLICA,1,1.0,1.0,1.0,0.02,1.0,1,,sgcvip,0.8598,0.0771,sgcvip.png,4617.1,"High-confidence multi-modal consensus confirming authentic official logo 'sgcvip' (SigLIP=1.000, DINOv2=1.000, Edge IoU=1.000, Delta E=0.0)."
30,OFFICIAL_LOGO,sgcwin.png,logos\sgcwin.png,sgcwin,MATCH,sgcwin,MATCH,EXACT_REPLICA,1,1.0,1.0,1.0,0.07,1.0,1,,unknown,0.5205,0.5205,sgcwin.png,2579.7,"High-confidence multi-modal consensus confirming authentic official logo 'sgcwin' (SigLIP=1.000, DINOv2=1.000, Edge IoU=1.000, Delta E=0.1)."
31,OFFICIAL_LOGO,sgcwin77.png,logos\sgcwin77.png,sgcwin77,MATCH,sgcwin77,MATCH,EXACT_REPLICA,1,1.0,1.0,1.0,0.21,1.0,1,,sgcwin77,0.7882,0.1141,sgcwin77.png,14495.7,"High-confidence multi-modal consensus confirming authentic official logo 'sgcwin77' (SigLIP=1.000, DINOv2=1.000, Edge IoU=1.000, Delta E=0.2)."
32,OFFICIAL_LOGO,sgcwin88.png,logos\sgcwin88.png,sgcwin88,MATCH,sgcwin88,REVIEW,NUMBER_COLLISION,0,1.0,1.0,1.0,0.1,1.0,1,,sgcwin88,0.7848,0.1304,sgcwin88.png,4294.0,"Candidate visual identity matches 'sgcwin88', but alphanumeric text differs ('SGCWIN8 SGCWIN GROUP' vs 'SGCWIN8 SGCWIN GROUP'). Suspicious brand squatter/clone."
33,OFFICIAL_LOGO,super89.png,logos\super89.png,super89,MATCH,super89,REVIEW,NUMBER_COLLISION,0,1.0,1.0,1.0,0.5,1.0,1,,super89,0.7813,0.1812,super89.png,2464.7,"Candidate visual identity matches 'super89', but alphanumeric text differs ('SUPER81' vs 'SUPER81'). Suspicious brand squatter/clone."
34,OFFICIAL_LOGO,surga11.png,logos\surga11.png,surga11,MATCH,surga11,MATCH,EXACT_REPLICA,1,0.9744,1.0,1.0,0.05,0.8291,1,,surga11,0.6688,0.2362,surga11.png,13218.0,"High-confidence multi-modal consensus confirming authentic official logo 'surga11' (SigLIP=1.000, DINOv2=1.000, Edge IoU=0.829, Delta E=0.1)."
35,OFFICIAL_LOGO,surga200m.png,logos\surga200m.png,surga200m,MATCH,surga200m,MATCH,EXACT_REPLICA,1,1.0,1.0,1.0,0.5,1.0,1,,surga200m,0.8387,0.0963,surga200m.png,2970.1,"High-confidence multi-modal consensus confirming authentic official logo 'surga200m' (SigLIP=1.000, DINOv2=1.000, Edge IoU=1.000, Delta E=0.5)."
36,OFFICIAL_LOGO,surga22.png,logos\surga22.png,surga22,MATCH,surga22,MATCH,EXACT_REPLICA,1,1.0,1.0,1.0,0.03,1.0,1,,surga22,0.3049,0.2816,surga22.png,3420.3,"High-confidence multi-modal consensus confirming authentic official logo 'surga22' (SigLIP=1.000, DINOv2=1.000, Edge IoU=1.000, Delta E=0.0)."
37,OFFICIAL_LOGO,surga33.png,logos\surga33.png,surga33,MATCH,surga33,MATCH,EXACT_REPLICA,1,1.0,1.0,1.0,0.5,1.0,1,,surga33,0.7322,0.1853,surga33.png,3948.6,"High-confidence multi-modal consensus confirming authentic official logo 'surga33' (SigLIP=1.000, DINOv2=1.000, Edge IoU=1.000, Delta E=0.5)."
38,OFFICIAL_LOGO,surga5000.png,logos\surga5000.png,surga5000,MATCH,surga5000,MATCH,EXACT_REPLICA,1,1.0,1.0,1.0,0.01,1.0,1,,surga5000,0.7968,0.1579,surga5000.png,4038.0,"High-confidence multi-modal consensus confirming authentic official logo 'surga5000' (SigLIP=1.000, DINOv2=1.000, Edge IoU=1.000, Delta E=0.0)."
39,OFFICIAL_LOGO,surga55.png,logos\surga55.png,surga55,MATCH,surga55,MATCH,EXACT_REPLICA,1,1.0,1.0,1.0,0.5,1.0,1,,surga55,0.5574,0.2982,surga55.png,1259.7,"High-confidence multi-modal consensus confirming authentic official logo 'surga55' (SigLIP=1.000, DINOv2=1.000, Edge IoU=1.000, Delta E=0.5)."
40,OFFICIAL_LOGO,surga77.png,logos\surga77.png,surga77,MATCH,surga77,REVIEW,NUMBER_COLLISION,0,1.0,1.0,1.0,0.01,1.0,1,,surga77,0.7958,0.1082,surga77.png,4456.0,"Candidate visual identity matches 'surga77', but alphanumeric text differs ('SURGAZ7 SURCACROUP' vs 'SURGAZ7 SURCACROUP'). Suspicious brand squatter/clone."
41,OFFICIAL_LOGO,surga88.png,logos\surga88.png,surga88,MATCH,surga88,MATCH,EXACT_REPLICA,1,1.0,1.0,1.0,0.5,1.0,1,,unknown,0.5155,0.5155,surga88.png,3610.7,"High-confidence multi-modal consensus confirming authentic official logo 'surga88' (SigLIP=1.000, DINOv2=1.000, Edge IoU=1.000, Delta E=0.5)."
42,OFFICIAL_LOGO,surga99.png,logos\surga99.png,surga99,MATCH,surga99,MATCH,EXACT_REPLICA,1,1.0,1.0,1.0,0.04,1.0,1,,unknown,0.5959,0.5959,surga99.png,3686.1,"High-confidence multi-modal consensus confirming authentic official logo 'surga99' (SigLIP=1.000, DINOv2=1.000, Edge IoU=1.000, Delta E=0.0)."
43,OFFICIAL_LOGO,surgagacor.png,logos\surgagacor.png,surgagacor,MATCH,surgagacor,MATCH,EXACT_REPLICA,1,0.9777,1.0,1.0,0.19,0.851,1,,surgagacor,0.7689,0.1609,surgagacor.png,1254.0,"High-confidence multi-modal consensus confirming authentic official logo 'surgagacor' (SigLIP=1.000, DINOv2=1.000, Edge IoU=0.851, Delta E=0.2)."
44,OFFICIAL_LOGO,surgaplay.png,logos\surgaplay.png,surgaplay,MATCH,surgaplay,MATCH,EXACT_REPLICA,1,1.0,1.0,1.0,0.15,1.0,1,,surgaplay,0.8485,0.0561,surgaplay.png,3508.8,"High-confidence multi-modal consensus confirming authentic official logo 'surgaplay' (SigLIP=1.000, DINOv2=1.000, Edge IoU=1.000, Delta E=0.1)."
45,OFFICIAL_LOGO,surgavip.png,logos\surgavip.png,surgavip,MATCH,surgavip,MATCH,EXACT_REPLICA,1,1.0,1.0,1.0,0.04,1.0,1,,surgavip,0.8171,0.1365,surgavip.png,4814.2,"High-confidence multi-modal consensus confirming authentic official logo 'surgavip' (SigLIP=1.000, DINOv2=1.000, Edge IoU=1.000, Delta E=0.0)."
46,OFFICIAL_LOGO,surgavip88.png,logos\surgavip88.png,surgavip88,MATCH,surgavip88,MATCH,EXACT_REPLICA,1,1.0,1.0,1.0,0.21,1.0,1,,surgavip88,0.5661,0.3309,surgavip88.png,4442.5,"High-confidence multi-modal consensus confirming authentic official logo 'surgavip88' (SigLIP=1.000, DINOv2=1.000, Edge IoU=1.000, Delta E=0.2)."
47,OFFICIAL_LOGO,tiket100.png,logos\tiket100.png,tiket100,MATCH,tiket100,MATCH,EXACT_REPLICA,1,0.9622,1.0,1.0,0.01,0.7477,1,,tiket100,0.8534,0.0599,tiket100.png,8714.0,"High-confidence multi-modal consensus confirming authentic official logo 'tiket100' (SigLIP=1.000, DINOv2=1.000, Edge IoU=0.748, Delta E=0.0)."
48,OFFICIAL_LOGO,tiket200.png,logos\tiket200.png,tiket200,MATCH,tiket200,MATCH,EXACT_REPLICA,1,0.9606,1.0,1.0,0.27,0.7372,1,,tiket200,0.7275,0.1447,tiket200.png,8649.1,"High-confidence multi-modal consensus confirming authentic official logo 'tiket200' (SigLIP=1.000, DINOv2=1.000, Edge IoU=0.737, Delta E=0.3)."
49,OFFICIAL_LOGO,tiket300.png,logos\tiket300.png,tiket300,MATCH,tiket300,MATCH,EXACT_REPLICA,1,0.9641,1.0,1.0,0.02,0.761,1,,tiket300,0.8166,0.0936,tiket300.png,8245.2,"High-confidence multi-modal consensus confirming authentic official logo 'tiket300' (SigLIP=1.000, DINOv2=1.000, Edge IoU=0.761, Delta E=0.0)."
50,OFFICIAL_LOGO,top111.gif,logos\top111.gif,top111,MATCH,top111,MATCH,EXACT_REPLICA,1,1.0,1.0,1.0,0.0,1.0,1,,unknown,0.6093,0.6093,top111.gif,19150.6,"High-confidence multi-modal consensus confirming authentic official logo 'top111' (SigLIP=1.000, DINOv2=1.000, Edge IoU=1.000, Delta E=0.0)."
51,OFFICIAL_LOGO,tri88.png,logos\tri88.png,tri88,MATCH,tri88,MATCH,EXACT_REPLICA,1,1.0,1.0,1.0,0.0,1.0,1,,tri88,0.8141,0.1197,tri88.png,2080.3,"High-confidence multi-modal consensus confirming authentic official logo 'tri88' (SigLIP=1.000, DINOv2=1.000, Edge IoU=1.000, Delta E=0.0)."
52,OFFICIAL_LOGO,y200m.png,logos\y200m.png,y200m,MATCH,y200m,MATCH,EXACT_REPLICA,1,1.0,1.0,1.0,0.11,1.0,1,,y200m,0.6423,0.3259,y200m.png,2581.7,"High-confidence multi-modal consensus confirming authentic official logo 'y200m' (SigLIP=1.000, DINOv2=1.000, Edge IoU=1.000, Delta E=0.1)."
53,OFFICIAL_FAVICON,001_a200m-seru.fun_favicon.png,Favicon\001_a200m-seru.fun_favicon.png,a200m,MATCH,a200m,MATCH,EXACT_REPLICA,1,0.95,1.0,1.0,0.0,1.0,0,,sgcwin,0.3052,0.1766,001_a200m-seru.fun_favicon.png,669.0,"High-confidence multi-modal consensus confirming authentic official favicon 'a200m' (SigLIP=1.000, DINOv2=1.000, Edge IoU=1.000, Delta E=0.0)."
54,OFFICIAL_FAVICON,002_asia100hits.com_favicon.png,Favicon\002_asia100hits.com_favicon.png,asia100,MATCH,asia100,MATCH,EXACT_REPLICA,1,1.0,1.0,1.0,0.23,1.0,1,,asia100,0.6762,0.1606,002_asia100hits.com_favicon.png,1057.1,"High-confidence multi-modal consensus confirming authentic official favicon 'asia100' (SigLIP=1.000, DINOv2=1.000, Edge IoU=1.000, Delta E=0.2)."
55,OFFICIAL_FAVICON,003_kalanganasia.com_favicon.png,Favicon\003_kalanganasia.com_favicon.png,asia200,MATCH,asia200,MATCH,EXACT_REPLICA,1,1.0,1.0,1.0,0.5,1.0,1,,asia200,0.49,0.3608,003_kalanganasia.com_favicon.png,2081.6,"High-confidence multi-modal consensus confirming authentic official favicon 'asia200' (SigLIP=1.000, DINOv2=1.000, Edge IoU=1.000, Delta E=0.5)."
56,OFFICIAL_FAVICON,004_asia300spin.com_favicon.png,Favicon\004_asia300spin.com_favicon.png,asia300,MATCH,asia300,MATCH,EXACT_REPLICA,1,1.0,1.0,1.0,0.15,1.0,1,,asia200,0.3516,0.0624,004_asia300spin.com_favicon.png,938.3,"High-confidence multi-modal consensus confirming authentic official favicon 'asia300' (SigLIP=1.000, DINOv2=1.000, Edge IoU=1.000, Delta E=0.1)."
57,OFFICIAL_FAVICON,005_asia400us.com_favicon.png,Favicon\005_asia400us.com_favicon.png,asia400,MATCH,asia400,MATCH,EXACT_REPLICA,1,1.0,1.0,1.0,0.06,1.0,1,,asia200,0.5963,0.0551,005_asia400us.com_favicon.png,810.9,"High-confidence multi-modal consensus confirming authentic official favicon 'asia400' (SigLIP=1.000, DINOv2=1.000, Edge IoU=1.000, Delta E=0.1)."
58,OFFICIAL_FAVICON,006_b200m-2026.click_favicon.png,Favicon\006_b200m-2026.click_favicon.png,b200m,MATCH,b200m,MATCH,EXACT_REPLICA,1,0.95,1.0,1.0,0.01,1.0,0,,b200m,0.3244,0.1684,006_b200m-2026.click_favicon.png,502.4,"High-confidence multi-modal consensus confirming authentic official favicon 'b200m' (SigLIP=1.000, DINOv2=1.000, Edge IoU=1.000, Delta E=0.0)."
59,OFFICIAL_FAVICON,007_bonaslot-2026.website_favicon.png,Favicon\007_bonaslot-2026.website_favicon.png,bonaslot,MATCH,bonaslot,MATCH,EXACT_REPLICA,1,0.95,1.0,1.0,0.0,1.0,0,,bonaslot,0.3854,0.2107,007_bonaslot-2026.website_favicon.png,578.0,"High-confidence multi-modal consensus confirming authentic official favicon 'bonaslot' (SigLIP=1.000, DINOv2=1.000, Edge IoU=1.000, Delta E=0.0)."
60,OFFICIAL_FAVICON,008_c200m-slot.world_favicon.png,Favicon\008_c200m-slot.world_favicon.png,c200m,MATCH,c200m,MATCH,EXACT_REPLICA,1,0.9816,1.0,1.0,0.5,0.8774,1,,c200m,0.5576,0.0378,008_c200m-slot.world_favicon.png,561.8,"High-confidence multi-modal consensus confirming authentic official favicon 'c200m' (SigLIP=1.000, DINOv2=1.000, Edge IoU=0.877, Delta E=0.5)."
61,OFFICIAL_FAVICON,009_d200m-main.store_favicon.png,Favicon\009_d200m-main.store_favicon.png,d200m,MATCH,d200m,MATCH,EXACT_REPLICA,1,0.95,1.0,1.0,0.41,1.0,0,,unknown,0.4296,0.4296,009_d200m-main.store_favicon.png,504.9,"High-confidence multi-modal consensus confirming authentic official favicon 'd200m' (SigLIP=1.000, DINOv2=1.000, Edge IoU=1.000, Delta E=0.4)."
62,OFFICIAL_FAVICON,010_depo89-2026.cloud_favicon.png,Favicon\010_depo89-2026.cloud_favicon.png,depo89,MATCH,depo89,MATCH,EXACT_REPLICA,1,0.95,1.0,1.0,0.32,1.0,0,,depo89,0.4563,0.4491,010_depo89-2026.cloud_favicon.png,491.7,"High-confidence multi-modal consensus confirming authentic official favicon 'depo89' (SigLIP=1.000, DINOv2=1.000, Edge IoU=1.000, Delta E=0.3)."
63,OFFICIAL_FAVICON,011_blue.dewi11moon.com_favicon.png,Favicon\011_blue.dewi11moon.com_favicon.png,dewi11,MATCH,dewi11,MATCH,EXACT_REPLICA,1,0.95,1.0,1.0,0.34,1.0,0,,dewi11,0.5019,0.1442,011_blue.dewi11moon.com_favicon.png,4789.7,"High-confidence multi-modal consensus confirming authentic official favicon 'dewi11' (SigLIP=1.000, DINOv2=1.000, Edge IoU=1.000, Delta E=0.3)."
64,OFFICIAL_FAVICON,012_e200m-hoki.tattoo_favicon.png,Favicon\012_e200m-hoki.tattoo_favicon.png,e200m,MATCH,e200m,MATCH,EXACT_REPLICA,1,0.9831,1.0,1.0,0.07,0.8873,1,,e200m,0.8161,0.0814,012_e200m-hoki.tattoo_favicon.png,664.4,"High-confidence multi-modal consensus confirming authentic official favicon 'e200m' (SigLIP=1.000, DINOv2=1.000, Edge IoU=0.887, Delta E=0.1)."
65,OFFICIAL_FAVICON,013_f200m-hoki.lol_favicon.png,Favicon\013_f200m-hoki.lol_favicon.png,f200m,MATCH,f200m,MATCH,EXACT_REPLICA,1,0.9699,1.0,1.0,0.04,0.7995,1,,f200m,0.8251,0.0166,013_f200m-hoki.lol_favicon.png,524.3,"High-confidence multi-modal consensus confirming authentic official favicon 'f200m' (SigLIP=1.000, DINOv2=1.000, Edge IoU=0.799, Delta E=0.0)."
66,OFFICIAL_FAVICON,014_fufuremix.com_favicon.jpg,Favicon\014_fufuremix.com_favicon.jpg,fufuslot,MATCH,fufuslot,MATCH,EXACT_REPLICA,1,0.95,1.0,1.0,0.5,1.0,0,,unknown,0.2254,0.2254,014_fufuremix.com_favicon.jpg,488.2,"High-confidence multi-modal consensus confirming authentic official favicon 'fufuslot' (SigLIP=1.000, DINOv2=1.000, Edge IoU=1.000, Delta E=0.5)."
67,OFFICIAL_FAVICON,015_g200m-cuan.shop_favicon.png,Favicon\015_g200m-cuan.shop_favicon.png,g200m,MATCH,g200m,REVIEW,ELEMENT_INJECTION,0,0.9052,1.0,1.0,0.26,0.7013,0,,g200m,0.599,0.2518,015_g200m-cuan.shop_favicon.png,481.1,"Candidate matches 'g200m' overall, but auxiliary graphic/icon modifications were detected. Possible altered spoof."
68,OFFICIAL_FAVICON,016_j200m-2026.hair_favicon.png,Favicon\016_j200m-2026.hair_favicon.png,j200m,MATCH,j200m,MATCH,EXACT_REPLICA,1,0.9179,1.0,1.0,0.05,0.7857,0,,unknown,0.4787,0.4787,016_j200m-2026.hair_favicon.png,531.7,"High-confidence multi-modal consensus confirming authentic official favicon 'j200m' (SigLIP=1.000, DINOv2=1.000, Edge IoU=0.786, Delta E=0.1)."
69,OFFICIAL_FAVICON,017_santan.jagoledak-top.com_favicon.png,Favicon\017_santan.jagoledak-top.com_favicon.png,jagoledak,MATCH,jagoledak,MATCH,EXACT_REPLICA,1,0.95,1.0,1.0,0.0,1.0,0,,jagoledak,0.4626,0.036,017_santan.jagoledak-top.com_favicon.png,4799.1,"High-confidence multi-modal consensus confirming authentic official favicon 'jagoledak' (SigLIP=1.000, DINOv2=1.000, Edge IoU=1.000, Delta E=0.0)."
70,OFFICIAL_FAVICON,018_k200m-play.shop_favicon.png,Favicon\018_k200m-play.shop_favicon.png,k200m,MATCH,k200m,MATCH,EXACT_REPLICA,1,0.9782,1.0,1.0,0.1,0.8549,1,,k200m,0.8348,0.0561,018_k200m-play.shop_favicon.png,590.6,"High-confidence multi-modal consensus confirming authentic official favicon 'k200m' (SigLIP=1.000, DINOv2=1.000, Edge IoU=0.855, Delta E=0.1)."
71,OFFICIAL_FAVICON,019_madura88-cair.skin_favicon.png,Favicon\019_madura88-cair.skin_favicon.png,madura88,MATCH,madura88,MATCH,EXACT_REPLICA,1,0.95,1.0,1.0,0.0,1.0,0,,madura88,0.3766,0.2966,019_madura88-cair.skin_favicon.png,547.7,"High-confidence multi-modal consensus confirming authentic official favicon 'madura88' (SigLIP=1.000, DINOv2=1.000, Edge IoU=1.000, Delta E=0.0)."
72,OFFICIAL_FAVICON,020_p200m-2026.sbs_favicon.png,Favicon\020_p200m-2026.sbs_favicon.png,p200m,MATCH,p200m,MATCH,EXACT_REPLICA,1,0.95,1.0,1.0,0.0,1.0,0,,sgcwin,0.2305,0.1844,020_p200m-2026.sbs_favicon.png,538.6,"High-confidence multi-modal consensus confirming authentic official favicon 'p200m' (SigLIP=1.000, DINOv2=1.000, Edge IoU=1.000, Delta E=0.0)."
73,OFFICIAL_FAVICON,022_pasti200m-main.rest_favicon.png,Favicon\022_pasti200m-main.rest_favicon.png,pasti200m,MATCH,pasti200m,MATCH,EXACT_REPLICA,1,0.95,1.0,1.0,0.5,1.0,0,,pasti200m,0.5013,0.0829,022_pasti200m-main.rest_favicon.png,390.4,"High-confidence multi-modal consensus confirming authentic official favicon 'pasti200m' (SigLIP=1.000, DINOv2=1.000, Edge IoU=1.000, Delta E=0.5)."
74,OFFICIAL_FAVICON,023_raja100-top.com_favicon.png,Favicon\023_raja100-top.com_favicon.png,raja100,MATCH,raja100,MATCH,EXACT_REPLICA,1,1.0,1.0,1.0,0.0,1.0,1,,raja100,0.8156,0.1196,023_raja100-top.com_favicon.png,549.8,"High-confidence multi-modal consensus confirming authentic official favicon 'raja100' (SigLIP=1.000, DINOv2=1.000, Edge IoU=1.000, Delta E=0.0)."
75,OFFICIAL_FAVICON,024_sgcplay-hoki.website_favicon.png,Favicon\024_sgcplay-hoki.website_favicon.png,sgcplay,MATCH,sgcplay,MATCH,EXACT_REPLICA,1,1.0,1.0,1.0,0.08,1.0,1,,sgcplay,0.6233,0.0432,024_sgcplay-hoki.website_favicon.png,476.5,"High-confidence multi-modal consensus confirming authentic official favicon 'sgcplay' (SigLIP=1.000, DINOv2=1.000, Edge IoU=1.000, Delta E=0.1)."
76,OFFICIAL_FAVICON,025_sgcvip-hoki.rest_favicon.png,Favicon\025_sgcvip-hoki.rest_favicon.png,sgcvip,MATCH,sgcvip,MATCH,EXACT_REPLICA,1,1.0,1.0,1.0,0.36,1.0,1,,sgcwin,0.3363,0.0569,025_sgcvip-hoki.rest_favicon.png,506.7,"High-confidence multi-modal consensus confirming authentic official favicon 'sgcvip' (SigLIP=1.000, DINOv2=1.000, Edge IoU=1.000, Delta E=0.4)."
77,OFFICIAL_FAVICON,026_sgcwin2026.online_favicon.png,Favicon\026_sgcwin2026.online_favicon.png,sgcwin,MATCH,sgcwin,MATCH,EXACT_REPLICA,1,1.0,1.0,1.0,0.0,1.0,1,,sgcwin,0.4544,0.0968,026_sgcwin2026.online_favicon.png,472.3,"High-confidence multi-modal consensus confirming authentic official favicon 'sgcwin' (SigLIP=1.000, DINOv2=1.000, Edge IoU=1.000, Delta E=0.0)."
78,OFFICIAL_FAVICON,027_sgcwin77-hoki.xyz_favicon.png,Favicon\027_sgcwin77-hoki.xyz_favicon.png,sgcwin77,MATCH,sgcwin77,MATCH,EXACT_REPLICA,1,1.0,1.0,1.0,0.31,1.0,1,,sgcwin77,0.46,0.0537,027_sgcwin77-hoki.xyz_favicon.png,474.1,"High-confidence multi-modal consensus confirming authentic official favicon 'sgcwin77' (SigLIP=1.000, DINOv2=1.000, Edge IoU=1.000, Delta E=0.3)."
79,OFFICIAL_FAVICON,028_sgcwin88sweet.site_favicon.png,Favicon\028_sgcwin88sweet.site_favicon.png,sgcwin88,MATCH,sgcwin88,MATCH,EXACT_REPLICA,1,1.0,1.0,1.0,0.33,1.0,1,,sgcwin88,0.32,0.0872,028_sgcwin88sweet.site_favicon.png,559.7,"High-confidence multi-modal consensus confirming authentic official favicon 'sgcwin88' (SigLIP=1.000, DINOv2=1.000, Edge IoU=1.000, Delta E=0.3)."
80,OFFICIAL_FAVICON,029_norway.surga11-daftar.com_favicon.png,Favicon\029_norway.surga11-daftar.com_favicon.png,surga11,MATCH,surga11,MATCH,EXACT_REPLICA,1,1.0,1.0,1.0,0.02,1.0,1,,surga11,0.7428,0.0454,029_norway.surga11-daftar.com_favicon.png,3222.6,"High-confidence multi-modal consensus confirming authentic official favicon 'surga11' (SigLIP=1.000, DINOv2=1.000, Edge IoU=1.000, Delta E=0.0)."
81,OFFICIAL_FAVICON,030_ketua.surga22-login.com_favicon.png,Favicon\030_ketua.surga22-login.com_favicon.png,surga22,MATCH,surga22,MATCH,EXACT_REPLICA,1,1.0,1.0,1.0,0.05,1.0,1,,surga22,0.7152,0.0184,030_ketua.surga22-login.com_favicon.png,2417.9,"High-confidence multi-modal consensus confirming authentic official favicon 'surga22' (SigLIP=1.000, DINOv2=1.000, Edge IoU=1.000, Delta E=0.1)."
82,OFFICIAL_FAVICON,031_angkut.surga33-login.com_favicon.png,Favicon\031_angkut.surga33-login.com_favicon.png,surga33,MATCH,surga33,MATCH,EXACT_REPLICA,1,1.0,1.0,1.0,0.03,1.0,1,,surga33,0.895,0.0171,031_angkut.surga33-login.com_favicon.png,466.5,"High-confidence multi-modal consensus confirming authentic official favicon 'surga33' (SigLIP=1.000, DINOv2=1.000, Edge IoU=1.000, Delta E=0.0)."
83,OFFICIAL_FAVICON,032_tambah.surga55-login.com_favicon.png,Favicon\032_tambah.surga55-login.com_favicon.png,surga55,MATCH,surga55,MATCH,EXACT_REPLICA,1,1.0,1.0,1.0,0.02,1.0,1,,surga55,0.8442,0.0442,032_tambah.surga55-login.com_favicon.png,2078.2,"High-confidence multi-modal consensus confirming authentic official favicon 'surga55' (SigLIP=1.000, DINOv2=1.000, Edge IoU=1.000, Delta E=0.0)."
84,OFFICIAL_FAVICON,033_www.surga77-star.com_favicon.png,Favicon\033_www.surga77-star.com_favicon.png,surga77,MATCH,surga77,MATCH,EXACT_REPLICA,1,1.0,1.0,1.0,0.5,1.0,1,,surga77,0.8358,0.0186,033_www.surga77-star.com_favicon.png,3895.1,"High-confidence multi-modal consensus confirming authentic official favicon 'surga77' (SigLIP=1.000, DINOv2=1.000, Edge IoU=1.000, Delta E=0.5)."
85,OFFICIAL_FAVICON,035_super89free.com_favicon.png,Favicon\035_super89free.com_favicon.png,super89,MATCH,super89,MATCH,EXACT_REPLICA,1,0.95,1.0,1.0,0.0,1.0,0,,super89,0.4621,0.1364,035_super89free.com_favicon.png,489.3,"High-confidence multi-modal consensus confirming authentic official favicon 'super89' (SigLIP=1.000, DINOv2=1.000, Edge IoU=1.000, Delta E=0.0)."
86,OFFICIAL_FAVICON,036_hangat.surga99-login.com_favicon.webp,Favicon\036_hangat.surga99-login.com_favicon.webp,surga99,MATCH,surga99,MATCH,EXACT_REPLICA,1,1.0,1.0,1.0,0.04,1.0,1,,surga99,0.6869,0.0672,036_hangat.surga99-login.com_favicon.webp,2009.2,"High-confidence multi-modal consensus confirming authentic official favicon 'surga99' (SigLIP=1.000, DINOv2=1.000, Edge IoU=1.000, Delta E=0.0)."
87,OFFICIAL_FAVICON,037_populer.surga5000-login.com_favicon.png,Favicon\037_populer.surga5000-login.com_favicon.png,surga5000,MATCH,surga5000,MATCH,EXACT_REPLICA,1,1.0,1.0,1.0,0.0,1.0,1,,surga5000,0.6755,0.2823,037_populer.surga5000-login.com_favicon.png,2159.8,"High-confidence multi-modal consensus confirming authentic official favicon 'surga5000' (SigLIP=1.000, DINOv2=1.000, Edge IoU=1.000, Delta E=0.0)."
88,OFFICIAL_FAVICON,038_gacor.surgavip-akses.com_favicon.png,Favicon\038_gacor.surgavip-akses.com_favicon.png,surgavip,MATCH,surgavip,MATCH,EXACT_REPLICA,1,1.0,1.0,1.0,0.49,1.0,1,,surgavip,0.8194,0.1141,038_gacor.surgavip-akses.com_favicon.png,1481.8,"High-confidence multi-modal consensus confirming authentic official favicon 'surgavip' (SigLIP=1.000, DINOv2=1.000, Edge IoU=1.000, Delta E=0.5)."
89,OFFICIAL_FAVICON,039_singkat.surgavip88-masuk.com_favicon.png,Favicon\039_singkat.surgavip88-masuk.com_favicon.png,surgavip88,MATCH,surgavip88,MATCH,EXACT_REPLICA,1,1.0,1.0,1.0,0.01,1.0,1,,surgavip88,0.825,0.0869,039_singkat.surgavip88-masuk.com_favicon.png,1322.3,"High-confidence multi-modal consensus confirming authentic official favicon 'surgavip88' (SigLIP=1.000, DINOv2=1.000, Edge IoU=1.000, Delta E=0.0)."
90,OFFICIAL_FAVICON,040_www.surgaplay.com_favicon.webp,Favicon\040_www.surgaplay.com_favicon.webp,surgaplay,MATCH,surgaplay,MATCH,EXACT_REPLICA,1,1.0,1.0,1.0,0.5,1.0,1,,surgaplay,0.8795,0.0158,040_www.surgaplay.com_favicon.webp,3672.4,"High-confidence multi-modal consensus confirming authentic official favicon 'surgaplay' (SigLIP=1.000, DINOv2=1.000, Edge IoU=1.000, Delta E=0.5)."
91,OFFICIAL_FAVICON,041_hibur.surgagacor-login.com_favicon.webp,Favicon\041_hibur.surgagacor-login.com_favicon.webp,surgagacor,MATCH,surgagacor,MATCH,EXACT_REPLICA,1,0.95,1.0,1.0,0.04,1.0,0,,surgagacor,0.2322,0.1012,041_hibur.surgagacor-login.com_favicon.webp,2035.5,"High-confidence multi-modal consensus confirming authentic official favicon 'surgagacor' (SigLIP=1.000, DINOv2=1.000, Edge IoU=1.000, Delta E=0.0)."
92,OFFICIAL_FAVICON,042_original.mposurga-login.com_favicon.png,Favicon\042_original.mposurga-login.com_favicon.png,mposurga,MATCH,mposurga,MATCH,EXACT_REPLICA,1,0.95,1.0,1.0,0.01,1.0,0,,mposurga,0.2929,0.1045,042_original.mposurga-login.com_favicon.png,505.6,"High-confidence multi-modal consensus confirming authentic official favicon 'mposurga' (SigLIP=1.000, DINOv2=1.000, Edge IoU=1.000, Delta E=0.0)."
93,OFFICIAL_FAVICON,043_busa.hahasurga-login.com_favicon.png,Favicon\043_busa.hahasurga-login.com_favicon.png,hahasurga,MATCH,hahasurga,MATCH,EXACT_REPLICA,1,1.0,1.0,1.0,0.24,1.0,1,,hahasurga,0.4556,0.3617,043_busa.hahasurga-login.com_favicon.png,435.6,"High-confidence multi-modal consensus confirming authentic official favicon 'hahasurga' (SigLIP=1.000, DINOv2=1.000, Edge IoU=1.000, Delta E=0.2)."
94,OFFICIAL_FAVICON,044_bonus-tiket100.monster_favicon.png,Favicon\044_bonus-tiket100.monster_favicon.png,tiket100,MATCH,tiket100,MATCH,EXACT_REPLICA,1,1.0,1.0,1.0,0.11,1.0,1,,tiket100,0.8078,0.0376,044_bonus-tiket100.monster_favicon.png,883.1,"High-confidence multi-modal consensus confirming authentic official favicon 'tiket100' (SigLIP=1.000, DINOv2=1.000, Edge IoU=1.000, Delta E=0.1)."
95,OFFICIAL_FAVICON,045_tiket200-nov.lol_favicon.png,Favicon\045_tiket200-nov.lol_favicon.png,tiket200,MATCH,tiket200,MATCH,EXACT_REPLICA,1,1.0,1.0,1.0,0.38,1.0,1,,unknown,0.2451,0.2451,045_tiket200-nov.lol_favicon.png,673.4,"High-confidence multi-modal consensus confirming authentic official favicon 'tiket200' (SigLIP=1.000, DINOv2=1.000, Edge IoU=1.000, Delta E=0.4)."
96,OFFICIAL_FAVICON,046_tiket300vip.click_favicon.png,Favicon\046_tiket300vip.click_favicon.png,tiket300,MATCH,tiket300,MATCH,EXACT_REPLICA,1,1.0,1.0,1.0,0.24,1.0,1,,tiket300,0.6956,0.0936,046_tiket300vip.click_favicon.png,727.3,"High-confidence multi-modal consensus confirming authentic official favicon 'tiket300' (SigLIP=1.000, DINOv2=1.000, Edge IoU=1.000, Delta E=0.2)."
97,OFFICIAL_FAVICON,047_tertop111.com_favicon.png,Favicon\047_tertop111.com_favicon.png,top111,MATCH,top111,MATCH,EXACT_REPLICA,1,0.95,1.0,1.0,0.5,1.0,0,,surgaplay,0.2817,0.0966,047_tertop111.com_favicon.png,464.0,"High-confidence multi-modal consensus confirming authentic official favicon 'top111' (SigLIP=1.000, DINOv2=1.000, Edge IoU=1.000, Delta E=0.5)."
98,OFFICIAL_FAVICON,049_y200m-2026.shop_favicon.png,Favicon\049_y200m-2026.shop_favicon.png,y200m,MATCH,y200m,MATCH,EXACT_REPLICA,1,0.95,1.0,1.0,0.12,1.0,0,,unknown,0.4308,0.4308,049_y200m-2026.shop_favicon.png,454.8,"High-confidence multi-modal consensus confirming authentic official favicon 'y200m' (SigLIP=1.000, DINOv2=1.000, Edge IoU=1.000, Delta E=0.1)."
99,POSITIVE_BG_VARIANT,logo_001_pos_bg_dark_gray_00.png,dataset\our_logos\positive\logo_001\logo_001_pos_bg_dark_gray_00.png,a200m,MATCH,a200m,MATCH,EXACT_REPLICA,1,1.0,1.0,1.0,0.08,1.0,1,,a200m,0.7371,0.0792,logo_001_pos_bg_dark_gray_00.png,2556.5,"High-confidence multi-modal consensus confirming authentic official logo 'a200m' (SigLIP=1.000, DINOv2=1.000, Edge IoU=1.000, Delta E=0.1)."
100,POSITIVE_PAD_VARIANT,logo_001_pos_pad_00.png,dataset\our_logos\positive\logo_001\logo_001_pos_pad_00.png,a200m,MATCH,a200m,MATCH,EXACT_REPLICA,1,1.0,1.0,1.0,0.5,1.0,1,,a200m,0.8207,0.049,logo_001_pos_pad_00.png,2672.1,"High-confidence multi-modal consensus confirming authentic official logo 'a200m' (SigLIP=1.000, DINOv2=1.000, Edge IoU=1.000, Delta E=0.5)."
101,POSITIVE_BG_VARIANT,logo_002_pos_bg_dark_gray_00.png,dataset\our_logos\positive\logo_002\logo_002_pos_bg_dark_gray_00.png,asia100,MATCH,asia100,MATCH,EXACT_REPLICA,1,1.0,1.0,1.0,0.0,1.0,1,,asia100,0.7566,0.1184,logo_002_pos_bg_dark_gray_00.png,5099.1,"High-confidence multi-modal consensus confirming authentic official logo 'asia100' (SigLIP=1.000, DINOv2=1.000, Edge IoU=1.000, Delta E=0.0)."
102,POSITIVE_PAD_VARIANT,logo_002_pos_pad_00.png,dataset\our_logos\positive\logo_002\logo_002_pos_pad_00.png,asia100,MATCH,asia100,REVIEW,NUMBER_COLLISION,0,1.0,1.0,1.0,0.09,1.0,1,,asia100,0.7109,0.1704,logo_002_pos_pad_00.png,5361.4,"Candidate visual identity matches 'asia100', but alphanumeric text differs ('ASIA1000 WHERE EASIASFORTUNEBEGINS' vs 'ATSTA100 WHERE ASIASFORTUNEBEGINS'). Suspicious brand squatter/clone."
103,POSITIVE_BG_VARIANT,logo_003_pos_bg_dark_gray_00.png,dataset\our_logos\positive\logo_003\logo_003_pos_bg_dark_gray_00.png,asia200,MATCH,asia200,MATCH,EXACT_REPLICA,1,1.0,1.0,1.0,0.5,1.0,1,,asia200,0.6149,0.251,logo_003_pos_bg_dark_gray_00.png,1693.0,"High-confidence multi-modal consensus confirming authentic official logo 'asia200' (SigLIP=1.000, DINOv2=1.000, Edge IoU=1.000, Delta E=0.5)."
104,POSITIVE_PAD_VARIANT,logo_003_pos_pad_00.png,dataset\our_logos\positive\logo_003\logo_003_pos_pad_00.png,asia200,MATCH,asia200,MATCH,EXACT_REPLICA,1,1.0,1.0,1.0,0.25,1.0,1,,asia200,0.8329,0.1065,logo_003_pos_pad_00.png,2019.2,"High-confidence multi-modal consensus confirming authentic official logo 'asia200' (SigLIP=1.000, DINOv2=1.000, Edge IoU=1.000, Delta E=0.2)."
105,POSITIVE_BG_VARIANT,logo_004_pos_bg_dark_gray_00.png,dataset\our_logos\positive\logo_004\logo_004_pos_bg_dark_gray_00.png,asia300,MATCH,asia300,MATCH,EXACT_REPLICA,1,1.0,1.0,1.0,0.1,1.0,1,,asia300,0.816,0.0992,logo_004_pos_bg_dark_gray_00.png,4825.0,"High-confidence multi-modal consensus confirming authentic official logo 'asia300' (SigLIP=1.000, DINOv2=1.000, Edge IoU=1.000, Delta E=0.1)."
106,POSITIVE_PAD_VARIANT,logo_004_pos_pad_00.png,dataset\our_logos\positive\logo_004\logo_004_pos_pad_00.png,asia300,MATCH,asia300,REVIEW,NUMBER_COLLISION,0,1.0,1.0,1.0,0.01,1.0,1,,asia300,0.8166,0.0813,logo_004_pos_pad_00.png,5573.3,"Candidate visual identity matches 'asia300', but alphanumeric text differs ('ASTA3000 WHEREASIASFORTUNEBEGINS' vs '61 HSTA30 WHERE ASIAS FORTUNEBEGINS'). Suspicious brand squatter/clone."
107,POSITIVE_BG_VARIANT,logo_005_pos_bg_dark_gray_00.png,dataset\our_logos\positive\logo_005\logo_005_pos_bg_dark_gray_00.png,asia400,MATCH,asia400,MATCH,EXACT_REPLICA,1,1.0,1.0,1.0,0.5,1.0,1,,asia400,0.5464,0.193,logo_005_pos_bg_dark_gray_00.png,4761.4,"High-confidence multi-modal consensus confirming authentic official logo 'asia400' (SigLIP=1.000, DINOv2=1.000, Edge IoU=1.000, Delta E=0.5)."
108,POSITIVE_PAD_VARIANT,logo_005_pos_pad_00.png,dataset\our_logos\positive\logo_005\logo_005_pos_pad_00.png,asia400,MATCH,asia400,REVIEW,NUMBER_COLLISION,0,0.92,1.0,1.0,0.01,1.0,0,,asia400,0.562,0.162,logo_005_pos_pad_00.png,5222.7,"Candidate visual identity matches 'asia400', but alphanumeric text differs ('7SA400 EASIASFORTUNEBEGINS WHERE' vs '617 ASTA400 WHERE FORTUNEBEGINS ASIAS'). Suspicious brand squatter/clone."
109,POSITIVE_BG_VARIANT,logo_006_pos_bg_dark_gray_00.png,dataset\our_logos\positive\logo_006\logo_006_pos_bg_dark_gray_00.png,b200m,MATCH,b200m,MATCH,EXACT_REPLICA,1,1.0,1.0,1.0,0.04,1.0,1,,b200m,0.5618,0.3388,logo_006_pos_bg_dark_gray_00.png,2623.7,"High-confidence multi-modal consensus confirming authentic official logo 'b200m' (SigLIP=1.000, DINOv2=1.000, Edge IoU=1.000, Delta E=0.0)."
110,POSITIVE_PAD_VARIANT,logo_006_pos_pad_00.png,dataset\our_logos\positive\logo_006\logo_006_pos_pad_00.png,b200m,MATCH,b200m,MATCH,EXACT_REPLICA,1,1.0,1.0,1.0,0.04,1.0,1,,b200m,0.64,0.2365,logo_006_pos_pad_00.png,2723.7,"High-confidence multi-modal consensus confirming authentic official logo 'b200m' (SigLIP=1.000, DINOv2=1.000, Edge IoU=1.000, Delta E=0.0)."
111,POSITIVE_BG_VARIANT,logo_007_pos_bg_dark_gray_00.png,dataset\our_logos\positive\logo_007\logo_007_pos_bg_dark_gray_00.png,bonaslot,MATCH,bonaslot,MATCH,EXACT_REPLICA,1,1.0,1.0,1.0,0.5,1.0,1,,bonaslot,0.8318,0.106,logo_007_pos_bg_dark_gray_00.png,2549.5,"High-confidence multi-modal consensus confirming authentic official logo 'bonaslot' (SigLIP=1.000, DINOv2=1.000, Edge IoU=1.000, Delta E=0.5)."
112,POSITIVE_PAD_VARIANT,logo_007_pos_pad_00.png,dataset\our_logos\positive\logo_007\logo_007_pos_pad_00.png,bonaslot,MATCH,bonaslot,MATCH,EXACT_REPLICA,1,1.0,1.0,1.0,0.1,1.0,1,,bonaslot,0.7488,0.2174,logo_007_pos_pad_00.png,2276.1,"High-confidence multi-modal consensus confirming authentic official logo 'bonaslot' (SigLIP=1.000, DINOv2=1.000, Edge IoU=1.000, Delta E=0.1)."
113,POSITIVE_BG_VARIANT,logo_008_pos_bg_dark_gray_00.png,dataset\our_logos\positive\logo_008\logo_008_pos_bg_dark_gray_00.png,c200m,MATCH,c200m,MATCH,EXACT_REPLICA,1,1.0,1.0,1.0,0.5,1.0,1,,c200m,0.8321,0.0382,logo_008_pos_bg_dark_gray_00.png,2243.0,"High-confidence multi-modal consensus confirming authentic official logo 'c200m' (SigLIP=1.000, DINOv2=1.000, Edge IoU=1.000, Delta E=0.5)."
114,POSITIVE_PAD_VARIANT,logo_008_pos_pad_00.png,dataset\our_logos\positive\logo_008\logo_008_pos_pad_00.png,c200m,MATCH,c200m,MATCH,EXACT_REPLICA,1,1.0,1.0,1.0,0.06,1.0,1,,c200m,0.6672,0.1023,logo_008_pos_pad_00.png,2365.5,"High-confidence multi-modal consensus confirming authentic official logo 'c200m' (SigLIP=1.000, DINOv2=1.000, Edge IoU=1.000, Delta E=0.1)."
115,POSITIVE_BG_VARIANT,logo_009_pos_bg_dark_gray_00.png,dataset\our_logos\positive\logo_009\logo_009_pos_bg_dark_gray_00.png,d200m,MATCH,d200m,MATCH,EXACT_REPLICA,1,1.0,1.0,1.0,0.19,1.0,1,,d200m,0.5791,0.1575,logo_009_pos_bg_dark_gray_00.png,2281.6,"High-confidence multi-modal consensus confirming authentic official logo 'd200m' (SigLIP=1.000, DINOv2=1.000, Edge IoU=1.000, Delta E=0.2)."
116,POSITIVE_PAD_VARIANT,logo_009_pos_pad_00.png,dataset\our_logos\positive\logo_009\logo_009_pos_pad_00.png,d200m,MATCH,d200m,MATCH,EXACT_REPLICA,1,1.0,1.0,1.0,0.03,1.0,1,,d200m,0.5086,0.1072,logo_009_pos_pad_00.png,2279.1,"High-confidence multi-modal consensus confirming authentic official logo 'd200m' (SigLIP=1.000, DINOv2=1.000, Edge IoU=1.000, Delta E=0.0)."
117,POSITIVE_BG_VARIANT,logo_010_pos_bg_dark_gray_00.png,dataset\our_logos\positive\logo_010\logo_010_pos_bg_dark_gray_00.png,depo89,MATCH,depo89,MATCH,EXACT_REPLICA,1,1.0,1.0,1.0,0.02,1.0,1,,depo89,0.876,0.1011,logo_010_pos_bg_dark_gray_00.png,2115.9,"High-confidence multi-modal consensus confirming authentic official logo 'depo89' (SigLIP=1.000, DINOv2=1.000, Edge IoU=1.000, Delta E=0.0)."
118,POSITIVE_PAD_VARIANT,logo_010_pos_pad_00.png,dataset\our_logos\positive\logo_010\logo_010_pos_pad_00.png,depo89,MATCH,depo89,MATCH,EXACT_REPLICA,1,1.0,1.0,1.0,0.11,1.0,1,,depo89,0.8651,0.0938,logo_010_pos_pad_00.png,2186.9,"High-confidence multi-modal consensus confirming authentic official logo 'depo89' (SigLIP=1.000, DINOv2=1.000, Edge IoU=1.000, Delta E=0.1)."
119,POSITIVE_BG_VARIANT,logo_012_pos_bg_dark_gray_00.png,dataset\our_logos\positive\logo_012\logo_012_pos_bg_dark_gray_00.png,e200m,MATCH,e200m,MATCH,EXACT_REPLICA,1,1.0,1.0,1.0,0.5,1.0,1,,e200m,0.7958,0.0752,logo_012_pos_bg_dark_gray_00.png,2280.1,"High-confidence multi-modal consensus confirming authentic official logo 'e200m' (SigLIP=1.000, DINOv2=1.000, Edge IoU=1.000, Delta E=0.5)."
120,POSITIVE_PAD_VARIANT,logo_012_pos_pad_00.png,dataset\our_logos\positive\logo_012\logo_012_pos_pad_00.png,e200m,MATCH,e200m,MATCH,EXACT_REPLICA,1,1.0,1.0,1.0,0.02,1.0,1,,e200m,0.8884,0.0571,logo_012_pos_pad_00.png,2471.0,"High-confidence multi-modal consensus confirming authentic official logo 'e200m' (SigLIP=1.000, DINOv2=1.000, Edge IoU=1.000, Delta E=0.0)."
121,POSITIVE_BG_VARIANT,logo_013_pos_bg_dark_gray_00.png,dataset\our_logos\positive\logo_013\logo_013_pos_bg_dark_gray_00.png,f200m,MATCH,f200m,MATCH,EXACT_REPLICA,1,1.0,1.0,1.0,0.5,1.0,1,,f200m,0.696,0.0563,logo_013_pos_bg_dark_gray_00.png,2450.3,"High-confidence multi-modal consensus confirming authentic official logo 'f200m' (SigLIP=1.000, DINOv2=1.000, Edge IoU=1.000, Delta E=0.5)."
122,POSITIVE_PAD_VARIANT,logo_013_pos_pad_00.png,dataset\our_logos\positive\logo_013\logo_013_pos_pad_00.png,f200m,MATCH,f200m,MATCH,EXACT_REPLICA,1,1.0,1.0,1.0,0.05,1.0,1,,f200m,0.8193,0.0456,logo_013_pos_pad_00.png,2600.1,"High-confidence multi-modal consensus confirming authentic official logo 'f200m' (SigLIP=1.000, DINOv2=1.000, Edge IoU=1.000, Delta E=0.1)."
123,POSITIVE_BG_VARIANT,logo_014_pos_bg_dark_gray_00.png,dataset\our_logos\positive\logo_014\logo_014_pos_bg_dark_gray_00.png,fufuslot,MATCH,fufuslot,MATCH,EXACT_REPLICA,1,1.0,1.0,1.0,0.01,1.0,1,,fufuslot,0.7217,0.1406,logo_014_pos_bg_dark_gray_00.png,2718.6,"High-confidence multi-modal consensus confirming authentic official logo 'fufuslot' (SigLIP=1.000, DINOv2=1.000, Edge IoU=1.000, Delta E=0.0)."
124,POSITIVE_PAD_VARIANT,logo_014_pos_pad_00.png,dataset\our_logos\positive\logo_014\logo_014_pos_pad_00.png,fufuslot,MATCH,fufuslot,MATCH,EXACT_REPLICA,1,1.0,1.0,1.0,0.44,1.0,1,,fufuslot,0.9191,0.0493,logo_014_pos_pad_00.png,2163.3,"High-confidence multi-modal consensus confirming authentic official logo 'fufuslot' (SigLIP=1.000, DINOv2=1.000, Edge IoU=1.000, Delta E=0.4)."
125,POSITIVE_BG_VARIANT,logo_015_pos_bg_dark_gray_00.png,dataset\our_logos\positive\logo_015\logo_015_pos_bg_dark_gray_00.png,g200m,MATCH,g200m,MATCH,EXACT_REPLICA,1,1.0,1.0,1.0,0.03,1.0,1,,g200m,0.7043,0.1776,logo_015_pos_bg_dark_gray_00.png,2278.2,"High-confidence multi-modal consensus confirming authentic official logo 'g200m' (SigLIP=1.000, DINOv2=1.000, Edge IoU=1.000, Delta E=0.0)."
126,POSITIVE_PAD_VARIANT,logo_015_pos_pad_00.png,dataset\our_logos\positive\logo_015\logo_015_pos_pad_00.png,g200m,MATCH,g200m,MATCH,EXACT_REPLICA,1,1.0,1.0,1.0,0.05,1.0,1,,g200m,0.8389,0.0491,logo_015_pos_pad_00.png,2200.6,"High-confidence multi-modal consensus confirming authentic official logo 'g200m' (SigLIP=1.000, DINOv2=1.000, Edge IoU=1.000, Delta E=0.1)."
127,POSITIVE_BG_VARIANT,logo_016_pos_bg_dark_gray_00.png,dataset\our_logos\positive\logo_016\logo_016_pos_bg_dark_gray_00.png,hahasurga,MATCH,hahasurga,MATCH,EXACT_REPLICA,1,0.9829,1.0,1.0,0.0,0.8857,1,,hahasurga,0.7071,0.2489,logo_016_pos_bg_dark_gray_00.png,11121.6,"High-confidence multi-modal consensus confirming authentic official logo 'hahasurga' (SigLIP=1.000, DINOv2=1.000, Edge IoU=0.886, Delta E=0.0)."
128,POSITIVE_PAD_VARIANT,logo_016_pos_pad_00.png,dataset\our_logos\positive\logo_016\logo_016_pos_pad_00.png,hahasurga,MATCH,hahasurga,REVIEW,LAYOUT_MODIFICATION,0,0.8991,1.0,1.0,0.5,0.8604,0,,hahasurga,0.709,0.2304,logo_016_pos_pad_00.png,11725.8,"Moderate similarity with 'hahasurga' (score=0.899), requires manual forensic review to confirm authenticity."
129,POSITIVE_BG_VARIANT,logo_017_pos_bg_dark_gray_00.png,dataset\our_logos\positive\logo_017\logo_017_pos_bg_dark_gray_00.png,j200m,MATCH,j200m,MATCH,EXACT_REPLICA,1,1.0,1.0,1.0,0.09,1.0,1,,j200m,0.7086,0.1278,logo_017_pos_bg_dark_gray_00.png,2276.6,"High-confidence multi-modal consensus confirming authentic official logo 'j200m' (SigLIP=1.000, DINOv2=1.000, Edge IoU=1.000, Delta E=0.1)."
130,POSITIVE_PAD_VARIANT,logo_017_pos_pad_00.png,dataset\our_logos\positive\logo_017\logo_017_pos_pad_00.png,j200m,MATCH,j200m,MATCH,EXACT_REPLICA,1,1.0,1.0,1.0,0.2,1.0,1,,j200m,0.6719,0.1304,logo_017_pos_pad_00.png,2347.8,"High-confidence multi-modal consensus confirming authentic official logo 'j200m' (SigLIP=1.000, DINOv2=1.000, Edge IoU=1.000, Delta E=0.2)."
131,POSITIVE_BG_VARIANT,logo_018_pos_bg_dark_gray_00.png,dataset\our_logos\positive\logo_018\logo_018_pos_bg_dark_gray_00.png,jagoledak,MATCH,jagoledak,MATCH,EXACT_REPLICA,1,1.0,1.0,1.0,0.5,1.0,1,,jagoledak,0.8319,0.1403,logo_018_pos_bg_dark_gray_00.png,5549.3,"High-confidence multi-modal consensus confirming authentic official logo 'jagoledak' (SigLIP=1.000, DINOv2=1.000, Edge IoU=1.000, Delta E=0.5)."
132,POSITIVE_PAD_VARIANT,logo_018_pos_pad_00.png,dataset\our_logos\positive\logo_018\logo_018_pos_pad_00.png,jagoledak,MATCH,jagoledak,MATCH,EXACT_REPLICA,1,1.0,1.0,1.0,0.0,1.0,1,,jagoledak,0.6818,0.2917,logo_018_pos_pad_00.png,5769.8,"High-confidence multi-modal consensus confirming authentic official logo 'jagoledak' (SigLIP=1.000, DINOv2=1.000, Edge IoU=1.000, Delta E=0.0)."
133,POSITIVE_BG_VARIANT,logo_019_pos_bg_dark_gray_00.png,dataset\our_logos\positive\logo_019\logo_019_pos_bg_dark_gray_00.png,jos007,MATCH,jos007,MATCH,EXACT_REPLICA,1,1.0,1.0,1.0,0.01,1.0,1,,jos007,0.9022,0.0696,logo_019_pos_bg_dark_gray_00.png,2487.4,"High-confidence multi-modal consensus confirming authentic official logo 'jos007' (SigLIP=1.000, DINOv2=1.000, Edge IoU=1.000, Delta E=0.0)."
134,POSITIVE_PAD_VARIANT,logo_019_pos_pad_00.png,dataset\our_logos\positive\logo_019\logo_019_pos_pad_00.png,jos007,MATCH,jos007,MATCH,EXACT_REPLICA,1,1.0,1.0,1.0,0.12,1.0,1,,jos007,0.8728,0.0858,logo_019_pos_pad_00.png,2422.9,"High-confidence multi-modal consensus confirming authentic official logo 'jos007' (SigLIP=1.000, DINOv2=1.000, Edge IoU=1.000, Delta E=0.1)."
135,POSITIVE_BG_VARIANT,logo_020_pos_bg_dark_gray_00.png,dataset\our_logos\positive\logo_020\logo_020_pos_bg_dark_gray_00.png,k200m,MATCH,k200m,MATCH,EXACT_REPLICA,1,1.0,1.0,1.0,0.5,1.0,1,,k200m,0.8053,0.1101,logo_020_pos_bg_dark_gray_00.png,2149.1,"High-confidence multi-modal consensus confirming authentic official logo 'k200m' (SigLIP=1.000, DINOv2=1.000, Edge IoU=1.000, Delta E=0.5)."
136,POSITIVE_PAD_VARIANT,logo_020_pos_pad_00.png,dataset\our_logos\positive\logo_020\logo_020_pos_pad_00.png,k200m,MATCH,k200m,MATCH,EXACT_REPLICA,1,1.0,1.0,1.0,0.38,1.0,1,,k200m,0.8534,0.0968,logo_020_pos_pad_00.png,2289.9,"High-confidence multi-modal consensus confirming authentic official logo 'k200m' (SigLIP=1.000, DINOv2=1.000, Edge IoU=1.000, Delta E=0.4)."
137,POSITIVE_BG_VARIANT,logo_022_pos_bg_dark_gray_00.png,dataset\our_logos\positive\logo_022\logo_022_pos_bg_dark_gray_00.png,mposurga,MATCH,mposurga,MATCH,EXACT_REPLICA,1,1.0,1.0,1.0,0.32,1.0,1,,mposurga,0.8204,0.0829,logo_022_pos_bg_dark_gray_00.png,2210.4,"High-confidence multi-modal consensus confirming authentic official logo 'mposurga' (SigLIP=1.000, DINOv2=1.000, Edge IoU=1.000, Delta E=0.3)."
138,POSITIVE_PAD_VARIANT,logo_022_pos_pad_00.png,dataset\our_logos\positive\logo_022\logo_022_pos_pad_00.png,mposurga,MATCH,mposurga,MATCH,EXACT_REPLICA,1,1.0,1.0,1.0,0.01,1.0,1,,mposurga,0.84,0.0875,logo_022_pos_pad_00.png,2453.9,"High-confidence multi-modal consensus confirming authentic official logo 'mposurga' (SigLIP=1.000, DINOv2=1.000, Edge IoU=1.000, Delta E=0.0)."
139,POSITIVE_BG_VARIANT,logo_023_pos_bg_dark_gray_00.png,dataset\our_logos\positive\logo_023\logo_023_pos_bg_dark_gray_00.png,nusa211,MATCH,nusa211,MATCH,EXACT_REPLICA,1,1.0,1.0,1.0,0.5,1.0,1,,nusa211,0.723,0.2111,logo_023_pos_bg_dark_gray_00.png,2074.5,"High-confidence multi-modal consensus confirming authentic official logo 'nusa211' (SigLIP=1.000, DINOv2=1.000, Edge IoU=1.000, Delta E=0.5)."
140,POSITIVE_PAD_VARIANT,logo_023_pos_pad_00.png,dataset\our_logos\positive\logo_023\logo_023_pos_pad_00.png,nusa211,MATCH,nusa211,MATCH,EXACT_REPLICA,1,1.0,1.0,1.0,0.13,1.0,1,,nusa211,0.6537,0.2599,logo_023_pos_pad_00.png,3484.5,"High-confidence multi-modal consensus confirming authentic official logo 'nusa211' (SigLIP=1.000, DINOv2=1.000, Edge IoU=1.000, Delta E=0.1)."
141,POSITIVE_BG_VARIANT,logo_024_pos_bg_dark_gray_00.png,dataset\our_logos\positive\logo_024\logo_024_pos_bg_dark_gray_00.png,p200m,MATCH,p200m,MATCH,EXACT_REPLICA,1,1.0,1.0,1.0,0.1,1.0,1,,p200m,0.7921,0.0137,logo_024_pos_bg_dark_gray_00.png,2403.4,"High-confidence multi-modal consensus confirming authentic official logo 'p200m' (SigLIP=1.000, DINOv2=1.000, Edge IoU=1.000, Delta E=0.1)."
142,POSITIVE_PAD_VARIANT,logo_024_pos_pad_00.png,dataset\our_logos\positive\logo_024\logo_024_pos_pad_00.png,p200m,MATCH,p200m,MATCH,EXACT_REPLICA,1,1.0,1.0,1.0,0.01,1.0,1,,p200m,0.7652,0.0219,logo_024_pos_pad_00.png,2595.9,"High-confidence multi-modal consensus confirming authentic official logo 'p200m' (SigLIP=1.000, DINOv2=1.000, Edge IoU=1.000, Delta E=0.0)."
143,POSITIVE_BG_VARIANT,logo_025_pos_bg_dark_gray_00.png,dataset\our_logos\positive\logo_025\logo_025_pos_bg_dark_gray_00.png,paduka500,MATCH,paduka500,MATCH,EXACT_REPLICA,1,1.0,1.0,1.0,0.0,1.0,1,,paduka500,0.9018,0.0384,logo_025_pos_bg_dark_gray_00.png,2620.2,"High-confidence multi-modal consensus confirming authentic official logo 'paduka500' (SigLIP=1.000, DINOv2=1.000, Edge IoU=1.000, Delta E=0.0)."
144,POSITIVE_PAD_VARIANT,logo_025_pos_pad_00.png,dataset\our_logos\positive\logo_025\logo_025_pos_pad_00.png,paduka500,MATCH,paduka500,REVIEW,NUMBER_COLLISION,0,1.0,1.0,1.0,0.0,1.0,1,,paduka500,0.8948,0.0379,logo_025_pos_pad_00.png,2440.9,"Candidate visual identity matches 'paduka500', but alphanumeric text differs ('PADUKA5DD TEMPATBERMAINPADUKARAJA' vs 'PADUKA5DD TEMPATBERMAINPADUKARAJA'). Suspicious brand squatter/clone."
145,POSITIVE_BG_VARIANT,logo_026_pos_bg_dark_gray_00.png,dataset\our_logos\positive\logo_026\logo_026_pos_bg_dark_gray_00.png,pasti200m,MATCH,pasti200m,MATCH,EXACT_REPLICA,1,1.0,1.0,1.0,0.0,1.0,1,,pasti200m,0.8797,0.0896,logo_026_pos_bg_dark_gray_00.png,2551.1,"High-confidence multi-modal consensus confirming authentic official logo 'pasti200m' (SigLIP=1.000, DINOv2=1.000, Edge IoU=1.000, Delta E=0.0)."
146,POSITIVE_PAD_VARIANT,logo_026_pos_pad_00.png,dataset\our_logos\positive\logo_026\logo_026_pos_pad_00.png,pasti200m,MATCH,pasti200m,MATCH,EXACT_REPLICA,1,1.0,1.0,1.0,0.01,1.0,1,,pasti200m,0.8864,0.0869,logo_026_pos_pad_00.png,2714.2,"High-confidence multi-modal consensus confirming authentic official logo 'pasti200m' (SigLIP=1.000, DINOv2=1.000, Edge IoU=1.000, Delta E=0.0)."
147,POSITIVE_BG_VARIANT,logo_027_pos_bg_dark_gray_00.png,dataset\our_logos\positive\logo_027\logo_027_pos_bg_dark_gray_00.png,raja100,MATCH,raja100,MATCH,EXACT_REPLICA,1,1.0,1.0,1.0,0.03,1.0,1,,raja100,0.9082,0.053,logo_027_pos_bg_dark_gray_00.png,2285.0,"High-confidence multi-modal consensus confirming authentic official logo 'raja100' (SigLIP=1.000, DINOv2=1.000, Edge IoU=1.000, Delta E=0.0)."
148,POSITIVE_PAD_VARIANT,logo_027_pos_pad_00.png,dataset\our_logos\positive\logo_027\logo_027_pos_pad_00.png,raja100,MATCH,raja100,MATCH,EXACT_REPLICA,1,1.0,1.0,1.0,0.0,1.0,1,,raja100,0.9111,0.0485,logo_027_pos_pad_00.png,2501.6,"High-confidence multi-modal consensus confirming authentic official logo 'raja100' (SigLIP=1.000, DINOv2=1.000, Edge IoU=1.000, Delta E=0.0)."
149,POSITIVE_BG_VARIANT,logo_028_pos_bg_dark_gray_00.png,dataset\our_logos\positive\logo_028\logo_028_pos_bg_dark_gray_00.png,sgcplay,MATCH,sgcplay,MATCH,EXACT_REPLICA,1,1.0,1.0,1.0,0.23,1.0,1,,sgcplay,0.7997,0.065,logo_028_pos_bg_dark_gray_00.png,2523.9,"High-confidence multi-modal consensus confirming authentic official logo 'sgcplay' (SigLIP=1.000, DINOv2=1.000, Edge IoU=1.000, Delta E=0.2)."
150,POSITIVE_PAD_VARIANT,logo_028_pos_pad_00.png,dataset\our_logos\positive\logo_028\logo_028_pos_pad_00.png,sgcplay,MATCH,sgcplay,MATCH,EXACT_REPLICA,1,1.0,1.0,1.0,0.5,1.0,1,,sgcplay,0.8042,0.0708,logo_028_pos_pad_00.png,3289.7,"High-confidence multi-modal consensus confirming authentic official logo 'sgcplay' (SigLIP=1.000, DINOv2=1.000, Edge IoU=1.000, Delta E=0.5)."
151,POSITIVE_BG_VARIANT,logo_029_pos_bg_dark_gray_00.png,dataset\our_logos\positive\logo_029\logo_029_pos_bg_dark_gray_00.png,sgcvip,MATCH,sgcvip,MATCH,EXACT_REPLICA,1,1.0,1.0,1.0,0.5,1.0,1,,sgcvip,0.8453,0.0794,logo_029_pos_bg_dark_gray_00.png,4164.0,"High-confidence multi-modal consensus confirming authentic official logo 'sgcvip' (SigLIP=1.000, DINOv2=1.000, Edge IoU=1.000, Delta E=0.5)."
152,POSITIVE_PAD_VARIANT,logo_029_pos_pad_00.png,dataset\our_logos\positive\logo_029\logo_029_pos_pad_00.png,sgcvip,MATCH,sgcvip,MATCH,EXACT_REPLICA,1,1.0,1.0,1.0,0.12,1.0,1,,sgcvip,0.8296,0.1175,logo_029_pos_pad_00.png,4250.9,"High-confidence multi-modal consensus confirming authentic official logo 'sgcvip' (SigLIP=1.000, DINOv2=1.000, Edge IoU=1.000, Delta E=0.1)."
153,POSITIVE_BG_VARIANT,logo_030_pos_bg_dark_gray_00.png,dataset\our_logos\positive\logo_030\logo_030_pos_bg_dark_gray_00.png,sgcwin,MATCH,sgcwin,MATCH,EXACT_REPLICA,1,1.0,1.0,1.0,0.01,1.0,1,,sgcwin,0.5528,0.3974,logo_030_pos_bg_dark_gray_00.png,2600.3,"High-confidence multi-modal consensus confirming authentic official logo 'sgcwin' (SigLIP=1.000, DINOv2=1.000, Edge IoU=1.000, Delta E=0.0)."
154,POSITIVE_PAD_VARIANT,logo_030_pos_pad_00.png,dataset\our_logos\positive\logo_030\logo_030_pos_pad_00.png,sgcwin,MATCH,sgcwin,MATCH,EXACT_REPLICA,1,1.0,1.0,1.0,0.0,1.0,1,,sgcwin,0.8447,0.1207,logo_030_pos_pad_00.png,2677.8,"High-confidence multi-modal consensus confirming authentic official logo 'sgcwin' (SigLIP=1.000, DINOv2=1.000, Edge IoU=1.000, Delta E=0.0)."
155,POSITIVE_BG_VARIANT,logo_031_pos_bg_dark_gray_00.png,dataset\our_logos\positive\logo_031\logo_031_pos_bg_dark_gray_00.png,sgcwin77,MATCH,sgcwin77,MATCH,EXACT_REPLICA,1,1.0,1.0,1.0,0.06,1.0,1,,sgcwin77,0.718,0.1689,logo_031_pos_bg_dark_gray_00.png,12848.1,"High-confidence multi-modal consensus confirming authentic official logo 'sgcwin77' (SigLIP=1.000, DINOv2=1.000, Edge IoU=1.000, Delta E=0.1)."
156,POSITIVE_PAD_VARIANT,logo_031_pos_pad_00.png,dataset\our_logos\positive\logo_031\logo_031_pos_pad_00.png,sgcwin77,MATCH,sgcwin77,MATCH,EXACT_REPLICA,1,1.0,1.0,1.0,0.0,1.0,1,,sgcwin77,0.6939,0.1937,logo_031_pos_pad_00.png,15868.1,"High-confidence multi-modal consensus confirming authentic official logo 'sgcwin77' (SigLIP=1.000, DINOv2=1.000, Edge IoU=1.000, Delta E=0.0)."
157,POSITIVE_BG_VARIANT,logo_032_pos_bg_dark_gray_00.png,dataset\our_logos\positive\logo_032\logo_032_pos_bg_dark_gray_00.png,sgcwin88,MATCH,sgcwin88,REVIEW,NUMBER_COLLISION,0,1.0,1.0,1.0,0.08,1.0,1,,sgcwin88,0.7886,0.1237,logo_032_pos_bg_dark_gray_00.png,4669.4,"Candidate visual identity matches 'sgcwin88', but alphanumeric text differs ('SGCWIN8 SGCWIN GROUP' vs 'SGCWIN8 SGCWIN GROUP'). Suspicious brand squatter/clone."
158,POSITIVE_PAD_VARIANT,logo_032_pos_pad_00.png,dataset\our_logos\positive\logo_032\logo_032_pos_pad_00.png,sgcwin88,MATCH,sgcwin88,REVIEW,NUMBER_COLLISION,0,1.0,1.0,1.0,0.02,1.0,1,,sgcwin88,0.8106,0.1071,logo_032_pos_pad_00.png,4085.8,"Candidate visual identity matches 'sgcwin88', but alphanumeric text differs ('SGCWIN8 SGCWIN GROUP' vs 'SGCWIN8 SGCWIN GROUP'). Suspicious brand squatter/clone."
159,POSITIVE_BG_VARIANT,logo_033_pos_bg_dark_gray_00.png,dataset\our_logos\positive\logo_033\logo_033_pos_bg_dark_gray_00.png,super89,MATCH,super89,REVIEW,NUMBER_COLLISION,0,1.0,1.0,1.0,0.5,1.0,1,,super89,0.7828,0.1743,logo_033_pos_bg_dark_gray_00.png,2503.9,"Candidate visual identity matches 'super89', but alphanumeric text differs ('SUPER81' vs 'SUPER81'). Suspicious brand squatter/clone."
160,POSITIVE_PAD_VARIANT,logo_033_pos_pad_00.png,dataset\our_logos\positive\logo_033\logo_033_pos_pad_00.png,super89,MATCH,super89,REVIEW,NUMBER_COLLISION,0,1.0,1.0,1.0,0.37,1.0,1,,super89,0.8135,0.1528,logo_033_pos_pad_00.png,2919.2,"Candidate visual identity matches 'super89', but alphanumeric text differs ('SUPER81' vs 'SUPER81'). Suspicious brand squatter/clone."
161,POSITIVE_BG_VARIANT,logo_034_pos_bg_dark_gray_00.png,dataset\our_logos\positive\logo_034\logo_034_pos_bg_dark_gray_00.png,surga11,MATCH,surga11,REVIEW,LAYOUT_MODIFICATION,0,0.8945,1.0,1.0,0.5,0.8297,0,,surga11,0.7577,0.1536,logo_034_pos_bg_dark_gray_00.png,15124.5,"Moderate similarity with 'surga11' (score=0.894), requires manual forensic review to confirm authenticity."
162,POSITIVE_PAD_VARIANT,logo_034_pos_pad_00.png,dataset\our_logos\positive\logo_034\logo_034_pos_pad_00.png,surga11,MATCH,surga11,MATCH,EXACT_REPLICA,1,1.0,1.0,1.0,0.34,1.0,1,,surga11,0.6202,0.2921,logo_034_pos_pad_00.png,14755.1,"High-confidence multi-modal consensus confirming authentic official logo 'surga11' (SigLIP=1.000, DINOv2=1.000, Edge IoU=1.000, Delta E=0.3)."
163,POSITIVE_BG_VARIANT,logo_035_pos_bg_dark_gray_00.png,dataset\our_logos\positive\logo_035\logo_035_pos_bg_dark_gray_00.png,surga200m,MATCH,surga200m,MATCH,EXACT_REPLICA,1,1.0,1.0,1.0,0.31,1.0,1,,surga200m,0.7936,0.1249,logo_035_pos_bg_dark_gray_00.png,2873.2,"High-confidence multi-modal consensus confirming authentic official logo 'surga200m' (SigLIP=1.000, DINOv2=1.000, Edge IoU=1.000, Delta E=0.3)."
164,POSITIVE_PAD_VARIANT,logo_035_pos_pad_00.png,dataset\our_logos\positive\logo_035\logo_035_pos_pad_00.png,surga200m,MATCH,surga200m,MATCH,EXACT_REPLICA,1,1.0,1.0,1.0,0.19,1.0,1,,surga200m,0.5986,0.2427,logo_035_pos_pad_00.png,3819.2,"High-confidence multi-modal consensus confirming authentic official logo 'surga200m' (SigLIP=1.000, DINOv2=1.000, Edge IoU=1.000, Delta E=0.2)."
165,POSITIVE_BG_VARIANT,logo_036_pos_bg_dark_gray_00.png,dataset\our_logos\positive\logo_036\logo_036_pos_bg_dark_gray_00.png,surga22,MATCH,surga22,REVIEW,NUMBER_COLLISION,0,1.0,1.0,1.0,0.02,1.0,1,,surga22,0.3418,0.2232,logo_036_pos_bg_dark_gray_00.png,3246.0,"Candidate visual identity matches 'surga22', but alphanumeric text differs ('SURGAZ2 SURGAGROUP' vs 'SURGAZZ SURGAGROUP'). Suspicious brand squatter/clone."
166,POSITIVE_PAD_VARIANT,logo_036_pos_pad_00.png,dataset\our_logos\positive\logo_036\logo_036_pos_pad_00.png,surga22,MATCH,surga22,MATCH,EXACT_REPLICA,1,1.0,1.0,1.0,0.5,1.0,1,,surga22,0.698,0.164,logo_036_pos_pad_00.png,4233.8,"High-confidence multi-modal consensus confirming authentic official logo 'surga22' (SigLIP=1.000, DINOv2=1.000, Edge IoU=1.000, Delta E=0.5)."
167,POSITIVE_BG_VARIANT,logo_037_pos_bg_dark_gray_00.png,dataset\our_logos\positive\logo_037\logo_037_pos_bg_dark_gray_00.png,surga33,MATCH,surga33,MATCH,EXACT_REPLICA,1,1.0,1.0,1.0,0.5,1.0,1,,surga33,0.8163,0.1023,logo_037_pos_bg_dark_gray_00.png,3859.3,"High-confidence multi-modal consensus confirming authentic official logo 'surga33' (SigLIP=1.000, DINOv2=1.000, Edge IoU=1.000, Delta E=0.5)."
168,POSITIVE_PAD_VARIANT,logo_037_pos_pad_00.png,dataset\our_logos\positive\logo_037\logo_037_pos_pad_00.png,surga33,MATCH,surga33,MATCH,EXACT_REPLICA,1,1.0,1.0,1.0,0.5,1.0,1,,surga33,0.7794,0.1294,logo_037_pos_pad_00.png,4838.2,"High-confidence multi-modal consensus confirming authentic official logo 'surga33' (SigLIP=1.000, DINOv2=1.000, Edge IoU=1.000, Delta E=0.5)."
169,POSITIVE_BG_VARIANT,logo_038_pos_bg_dark_gray_00.png,dataset\our_logos\positive\logo_038\logo_038_pos_bg_dark_gray_00.png,surga5000,MATCH,surga5000,MATCH,EXACT_REPLICA,1,1.0,1.0,1.0,0.07,1.0,1,,surga5000,0.7733,0.1755,logo_038_pos_bg_dark_gray_00.png,4136.6,"High-confidence multi-modal consensus confirming authentic official logo 'surga5000' (SigLIP=1.000, DINOv2=1.000, Edge IoU=1.000, Delta E=0.1)."
170,POSITIVE_PAD_VARIANT,logo_038_pos_pad_00.png,dataset\our_logos\positive\logo_038\logo_038_pos_pad_00.png,surga5000,MATCH,surga5000,MATCH,EXACT_REPLICA,1,1.0,1.0,1.0,0.5,1.0,1,,surga5000,0.7856,0.1695,logo_038_pos_pad_00.png,4415.3,"High-confidence multi-modal consensus confirming authentic official logo 'surga5000' (SigLIP=1.000, DINOv2=1.000, Edge IoU=1.000, Delta E=0.5)."
171,POSITIVE_BG_VARIANT,logo_039_pos_bg_dark_gray_00.png,dataset\our_logos\positive\logo_039\logo_039_pos_bg_dark_gray_00.png,surga55,MATCH,surga55,MATCH,EXACT_REPLICA,1,1.0,1.0,1.0,0.33,1.0,1,,surga55,0.6396,0.1973,logo_039_pos_bg_dark_gray_00.png,1395.8,"High-confidence multi-modal consensus confirming authentic official logo 'surga55' (SigLIP=1.000, DINOv2=1.000, Edge IoU=1.000, Delta E=0.3)."
172,POSITIVE_PAD_VARIANT,logo_039_pos_pad_00.png,dataset\our_logos\positive\logo_039\logo_039_pos_pad_00.png,surga55,MATCH,surga55,MATCH,EXACT_REPLICA,1,1.0,1.0,1.0,0.33,1.0,1,,surga55,0.5506,0.31,logo_039_pos_pad_00.png,2393.1,"High-confidence multi-modal consensus confirming authentic official logo 'surga55' (SigLIP=1.000, DINOv2=1.000, Edge IoU=1.000, Delta E=0.3)."
173,POSITIVE_BG_VARIANT,logo_040_pos_bg_dark_gray_00.png,dataset\our_logos\positive\logo_040\logo_040_pos_bg_dark_gray_00.png,surga77,MATCH,surga77,REVIEW,NUMBER_COLLISION,0,1.0,1.0,1.0,0.5,1.0,1,,surga77,0.8169,0.0864,logo_040_pos_bg_dark_gray_00.png,3954.5,"Candidate visual identity matches 'surga77', but alphanumeric text differs ('SURGAZ7 SURCACROUP' vs 'SURGAZ7 SURCACROUP'). Suspicious brand squatter/clone."
174,POSITIVE_PAD_VARIANT,logo_040_pos_pad_00.png,dataset\our_logos\positive\logo_040\logo_040_pos_pad_00.png,surga77,MATCH,surga77,MATCH,EXACT_REPLICA,1,1.0,1.0,1.0,0.5,1.0,1,,surga77,0.735,0.1139,logo_040_pos_pad_00.png,4199.7,"High-confidence multi-modal consensus confirming authentic official logo 'surga77' (SigLIP=1.000, DINOv2=1.000, Edge IoU=1.000, Delta E=0.5)."
175,POSITIVE_BG_VARIANT,logo_041_pos_bg_dark_gray_00.png,dataset\our_logos\positive\logo_041\logo_041_pos_bg_dark_gray_00.png,surga88,MATCH,surga88,MATCH,EXACT_REPLICA,1,1.0,1.0,1.0,0.5,1.0,1,,surga88,0.4859,0.4539,logo_041_pos_bg_dark_gray_00.png,4049.7,"High-confidence multi-modal consensus confirming authentic official logo 'surga88' (SigLIP=1.000, DINOv2=1.000, Edge IoU=1.000, Delta E=0.5)."
176,POSITIVE_PAD_VARIANT,logo_041_pos_pad_00.png,dataset\our_logos\positive\logo_041\logo_041_pos_pad_00.png,surga88,MATCH,surga88,REVIEW,NUMBER_COLLISION,0,1.0,1.0,1.0,0.5,1.0,1,,unknown,0.5243,0.5243,logo_041_pos_pad_00.png,4201.4,"Candidate visual identity matches 'surga88', but alphanumeric text differs ('SURGA8 SURCACROUP' vs 'SURGA88 SURCACROUP'). Suspicious brand squatter/clone."
177,POSITIVE_BG_VARIANT,logo_042_pos_bg_dark_gray_00.png,dataset\our_logos\positive\logo_042\logo_042_pos_bg_dark_gray_00.png,surga99,MATCH,surga99,MATCH,EXACT_REPLICA,1,1.0,1.0,1.0,0.08,1.0,1,,surga99,0.5065,0.4256,logo_042_pos_bg_dark_gray_00.png,3499.5,"High-confidence multi-modal consensus confirming authentic official logo 'surga99' (SigLIP=1.000, DINOv2=1.000, Edge IoU=1.000, Delta E=0.1)."
178,POSITIVE_PAD_VARIANT,logo_042_pos_pad_00.png,dataset\our_logos\positive\logo_042\logo_042_pos_pad_00.png,surga99,MATCH,surga99,MATCH,EXACT_REPLICA,1,1.0,1.0,1.0,0.04,1.0,1,,surga99,0.7344,0.1644,logo_042_pos_pad_00.png,3833.1,"High-confidence multi-modal consensus confirming authentic official logo 'surga99' (SigLIP=1.000, DINOv2=1.000, Edge IoU=1.000, Delta E=0.0)."
179,POSITIVE_BG_VARIANT,logo_043_pos_bg_dark_gray_00.png,dataset\our_logos\positive\logo_043\logo_043_pos_bg_dark_gray_00.png,surgagacor,MATCH,surgagacor,MATCH,EXACT_REPLICA,1,0.9788,1.0,1.0,0.01,0.859,1,,surgagacor,0.7093,0.205,logo_043_pos_bg_dark_gray_00.png,1266.9,"High-confidence multi-modal consensus confirming authentic official logo 'surgagacor' (SigLIP=1.000, DINOv2=1.000, Edge IoU=0.859, Delta E=0.0)."
180,POSITIVE_PAD_VARIANT,logo_043_pos_pad_00.png,dataset\our_logos\positive\logo_043\logo_043_pos_pad_00.png,surgagacor,MATCH,surgagacor,MATCH,EXACT_REPLICA,1,1.0,1.0,1.0,0.5,1.0,1,,surgagacor,0.8686,0.0665,logo_043_pos_pad_00.png,2222.0,"High-confidence multi-modal consensus confirming authentic official logo 'surgagacor' (SigLIP=1.000, DINOv2=1.000, Edge IoU=1.000, Delta E=0.5)."
181,POSITIVE_BG_VARIANT,logo_044_pos_bg_dark_gray_00.png,dataset\our_logos\positive\logo_044\logo_044_pos_bg_dark_gray_00.png,surgaplay,MATCH,surgaplay,MATCH,EXACT_REPLICA,1,1.0,1.0,1.0,0.01,1.0,1,,surgaplay,0.8816,0.0341,logo_044_pos_bg_dark_gray_00.png,3742.3,"High-confidence multi-modal consensus confirming authentic official logo 'surgaplay' (SigLIP=1.000, DINOv2=1.000, Edge IoU=1.000, Delta E=0.0)."
182,POSITIVE_PAD_VARIANT,logo_044_pos_pad_00.png,dataset\our_logos\positive\logo_044\logo_044_pos_pad_00.png,surgaplay,MATCH,surgaplay,MATCH,EXACT_REPLICA,1,1.0,1.0,1.0,0.01,1.0,1,,surgaplay,0.8527,0.0601,logo_044_pos_pad_00.png,4584.4,"High-confidence multi-modal consensus confirming authentic official logo 'surgaplay' (SigLIP=1.000, DINOv2=1.000, Edge IoU=1.000, Delta E=0.0)."
183,POSITIVE_BG_VARIANT,logo_045_pos_bg_dark_gray_00.png,dataset\our_logos\positive\logo_045\logo_045_pos_bg_dark_gray_00.png,surgavip,MATCH,surgavip,MATCH,EXACT_REPLICA,1,1.0,1.0,1.0,0.06,1.0,1,,surgavip,0.8443,0.1007,logo_045_pos_bg_dark_gray_00.png,5678.1,"High-confidence multi-modal consensus confirming authentic official logo 'surgavip' (SigLIP=1.000, DINOv2=1.000, Edge IoU=1.000, Delta E=0.1)."
184,POSITIVE_PAD_VARIANT,logo_045_pos_pad_00.png,dataset\our_logos\positive\logo_045\logo_045_pos_pad_00.png,surgavip,MATCH,surgavip,MATCH,EXACT_REPLICA,1,0.9714,1.0,1.0,0.0,0.8094,1,,surgavip,0.7928,0.1613,logo_045_pos_pad_00.png,5911.2,"High-confidence multi-modal consensus confirming authentic official logo 'surgavip' (SigLIP=1.000, DINOv2=1.000, Edge IoU=0.809, Delta E=0.0)."
185,POSITIVE_BG_VARIANT,logo_046_pos_bg_dark_gray_00.png,dataset\our_logos\positive\logo_046\logo_046_pos_bg_dark_gray_00.png,surgavip88,MATCH,surgavip88,MATCH,EXACT_REPLICA,1,1.0,1.0,1.0,0.0,1.0,1,,surgavip88,0.583,0.2953,logo_046_pos_bg_dark_gray_00.png,4969.4,"High-confidence multi-modal consensus confirming authentic official logo 'surgavip88' (SigLIP=1.000, DINOv2=1.000, Edge IoU=1.000, Delta E=0.0)."
186,POSITIVE_PAD_VARIANT,logo_046_pos_pad_00.png,dataset\our_logos\positive\logo_046\logo_046_pos_pad_00.png,surgavip88,MATCH,surgavip88,MATCH,EXACT_REPLICA,1,0.9719,1.0,1.0,0.04,0.8129,1,,surgavip88,0.5192,0.3739,logo_046_pos_pad_00.png,5289.1,"High-confidence multi-modal consensus confirming authentic official logo 'surgavip88' (SigLIP=1.000, DINOv2=1.000, Edge IoU=0.813, Delta E=0.0)."
187,POSITIVE_BG_VARIANT,logo_047_pos_bg_dark_gray_00.png,dataset\our_logos\positive\logo_047\logo_047_pos_bg_dark_gray_00.png,tiket100,MATCH,tiket100,REVIEW,ELEMENT_INJECTION,0,0.958,1.0,1.0,0.0,0.7201,1,,tiket100,0.8579,0.0683,logo_047_pos_bg_dark_gray_00.png,10065.7,"Candidate matches 'tiket100' overall, but auxiliary graphic/icon modifications were detected. Possible altered spoof."
188,POSITIVE_PAD_VARIANT,logo_047_pos_pad_00.png,dataset\our_logos\positive\logo_047\logo_047_pos_pad_00.png,tiket100,MATCH,tiket100,MATCH,EXACT_REPLICA,1,0.9776,1.0,1.0,0.16,0.8509,1,,tiket100,0.8147,0.085,logo_047_pos_pad_00.png,12618.9,"High-confidence multi-modal consensus confirming authentic official logo 'tiket100' (SigLIP=1.000, DINOv2=1.000, Edge IoU=0.851, Delta E=0.2)."
189,POSITIVE_BG_VARIANT,logo_048_pos_bg_dark_gray_00.png,dataset\our_logos\positive\logo_048\logo_048_pos_bg_dark_gray_00.png,tiket200,MATCH,tiket200,REVIEW,ELEMENT_INJECTION,0,0.9617,1.0,1.0,0.35,0.7447,1,,tiket200,0.7356,0.1652,logo_048_pos_bg_dark_gray_00.png,9032.8,"Candidate matches 'tiket200' overall, but auxiliary graphic/icon modifications were detected. Possible altered spoof."
190,POSITIVE_PAD_VARIANT,logo_048_pos_pad_00.png,dataset\our_logos\positive\logo_048\logo_048_pos_pad_00.png,tiket200,MATCH,tiket200,MATCH,EXACT_REPLICA,1,0.9758,1.0,1.0,0.21,0.8384,1,,tiket200,0.614,0.194,logo_048_pos_pad_00.png,8662.9,"High-confidence multi-modal consensus confirming authentic official logo 'tiket200' (SigLIP=1.000, DINOv2=1.000, Edge IoU=0.838, Delta E=0.2)."
191,POSITIVE_BG_VARIANT,logo_049_pos_bg_dark_gray_00.png,dataset\our_logos\positive\logo_049\logo_049_pos_bg_dark_gray_00.png,tiket300,MATCH,tiket300,REVIEW,NUMBER_COLLISION,0,0.9625,1.0,1.0,0.04,0.7503,1,,tiket300,0.822,0.1006,logo_049_pos_bg_dark_gray_00.png,8349.9,"Candidate visual identity matches 'tiket300', but alphanumeric text differs ('IKET30O TIKET MENUJU KEMENANGAN' vs 'TKET300 TIKET MENUJU KEMENANGAN'). Suspicious brand squatter/clone."
192,POSITIVE_PAD_VARIANT,logo_049_pos_pad_00.png,dataset\our_logos\positive\logo_049\logo_049_pos_pad_00.png,tiket300,MATCH,tiket300,MATCH,EXACT_REPLICA,1,0.9762,1.0,1.0,0.03,0.8413,1,,tiket300,0.7664,0.1025,logo_049_pos_pad_00.png,8895.6,"High-confidence multi-modal consensus confirming authentic official logo 'tiket300' (SigLIP=1.000, DINOv2=1.000, Edge IoU=0.841, Delta E=0.0)."
193,POSITIVE_BG_VARIANT,logo_052_pos_bg_dark_gray_00.png,dataset\our_logos\positive\logo_052\logo_052_pos_bg_dark_gray_00.png,y200m,MATCH,y200m,MATCH,EXACT_REPLICA,1,1.0,1.0,1.0,0.06,1.0,1,,y200m,0.7113,0.2503,logo_052_pos_bg_dark_gray_00.png,2560.4,"High-confidence multi-modal consensus confirming authentic official logo 'y200m' (SigLIP=1.000, DINOv2=1.000, Edge IoU=1.000, Delta E=0.1)."
194,POSITIVE_PAD_VARIANT,logo_052_pos_pad_00.png,dataset\our_logos\positive\logo_052\logo_052_pos_pad_00.png,y200m,MATCH,y200m,MATCH,EXACT_REPLICA,1,1.0,1.0,1.0,0.0,1.0,1,,y200m,0.7886,0.1428,logo_052_pos_pad_00.png,2753.6,"High-confidence multi-modal consensus confirming authentic official logo 'y200m' (SigLIP=1.000, DINOv2=1.000, Edge IoU=1.000, Delta E=0.0)."
195,THREAT_CANDIDATE,11.gif,test_images\11.gif,auto,REVIEW,dewi11,REVIEW,COLOR_SPOOF,1,0.6548,0.9203,0.5806,12.74,0.6442,0,,dewi11,0.9133,0.059,dewi11.png,1460.9,"Candidate logo structure matches 'dewi11', but exhibits significant color drift (Delta E=12.7). Possible recolored spoof."
196,THREAT_CANDIDATE,77365262-adad-4656-bcad-23518097921c.jpg,test_images\77365262-adad-4656-bcad-23518097921c.jpg,auto,MATCH,paduka500,REVIEW,NUMBER_COLLISION,1,0.7662,0.8358,0.9151,10.13,0.6997,1,,paduka500,0.7891,0.1008,paduka500.png,4685.8,"Candidate visual identity matches 'paduka500', but alphanumeric text differs ('PADUKA5DD TEMPATBERMAINPADUKARAJA' vs 'PADUKA5DD TEMPATBERMAINPADUKARAJA'). Suspicious brand squatter/clone."
197,THREAT_CANDIDATE,Amo.png,test_images\Amo.png,auto,MATCH,a200m,REVIEW,COLOR_SPOOF,1,0.8509,0.9928,0.9771,13.85,0.999,1,,a200m,0.6874,0.1776,a200m.png,2753.1,"Candidate logo structure matches 'a200m', but exhibits significant color drift (Delta E=13.8). Possible recolored spoof."
198,THREAT_CANDIDATE,asia_mo.png,test_images\asia_mo.png,auto,MATCH,asia100,REVIEW,ELEMENT_INJECTION,1,0.8452,0.9505,0.9628,0.64,0.1928,1,,asia100,0.5758,0.2951,logo_002_pos_pad_00.png,6527.1,"Candidate matches 'asia100' overall, but auxiliary graphic/icon modifications were detected. Possible altered spoof."
199,THREAT_CANDIDATE,com.jpg,test_images\com.jpg,auto,MATCH,UNKNOWN,UNKNOWN,UNRELATED,0,0.4902,0.5601,0.378,24.67,0.4686,0,,unknown,0.4902,0.4902,,8856.4,Competitor logo / unrelated image: Rejected by brand classifier as unknown/competitor.
200,THREAT_CANDIDATE,Dewi11_mo.gif,test_images\Dewi11_mo.gif,auto,MATCH,dewi11,REVIEW,COLOR_SPOOF,1,0.7171,0.9198,0.8482,19.59,0.839,0,,dewi11,0.9046,0.0695,dewi11.png,1186.1,"Candidate logo structure matches 'dewi11', but exhibits significant color drift (Delta E=19.6). Possible recolored spoof."
201,THREAT_CANDIDATE,favicon.webp,test_images\favicon.webp,auto,MATCH,UNKNOWN,UNKNOWN,UNRELATED,0,0.6777,0.6777,0.3505,16.08,0.0703,0,,sgcplay,0.289,0.0593,,710.4,Competitor logo / unrelated image: No match with our protected brands or official logos.
202,THREAT_CANDIDATE,gemini.png,test_images\gemini.png,auto,MATCH,UNKNOWN,UNKNOWN,UNRELATED,0,0.9496,0.6554,0.1843,30.83,0.1031,0,,unknown,0.9496,0.9496,,4019.3,Competitor logo / unrelated image: Rejected by brand classifier as unknown/competitor.
203,THREAT_CANDIDATE,mo.jpg,test_images\mo.jpg,auto,MATCH,surga88,REVIEW,COLOR_SPOOF,1,0.811,0.9724,0.8922,8.11,0.5105,1,,unknown,0.6926,0.6926,logo_041_pos_pad_00.png,7599.9,"Candidate logo structure matches 'surga88', but exhibits significant color drift (Delta E=8.1). Possible recolored spoof."
204,THREAT_CANDIDATE,mo1.jpg,test_images\mo1.jpg,auto,MATCH,nusa211,REVIEW,NUMBER_COLLISION,1,0.8024,0.9666,0.7585,1.56,0.3522,1,,nusa211,0.6997,0.2355,logo_023_pos_bg_white_00.png,5669.1,"Candidate visual identity matches 'nusa211', but alphanumeric text differs ('NUSA2111' vs 'NUSA211'). Suspicious brand squatter/clone."
205,THREAT_CANDIDATE,mo2.jpg,test_images\mo2.jpg,auto,MATCH,surga88,REVIEW,NUMBER_COLLISION,1,0.8871,0.9719,0.9644,2.28,0.6038,1,,surga88,0.6084,0.2633,logo_041_pos_bg_white_00.png,5744.8,"Candidate visual identity matches 'surga88', but alphanumeric text differs ('SURGA888 SURGAGROUP' vs 'SURGA88 SURCACROUP'). Suspicious brand squatter/clone."
206,THREAT_CANDIDATE,mo_1.jpg,test_images\mo_1.jpg,auto,REVIEW,nusa211,REVIEW,NUMBER_COLLISION,1,0.8042,0.9534,0.7887,2.68,0.3949,1,,nusa211,0.5327,0.407,nusa211.png,4403.2,"Candidate visual identity matches 'nusa211', but alphanumeric text differs ('NUSA2111' vs 'NUSA211'). Suspicious brand squatter/clone."
207,THREAT_CANDIDATE,mo_11.jpg,test_images\mo_11.jpg,auto,REVIEW,bonaslot,REVIEW,COLOR_SPOOF,1,0.74,0.9114,0.7216,22.39,0.7176,1,,bonaslot,0.7492,0.2,logo_007_pos_bg_dark_gray_00.png,4440.8,"Candidate logo structure matches 'bonaslot', but exhibits significant color drift (Delta E=22.4). Possible recolored spoof."
208,THREAT_CANDIDATE,mo_12.jpg,test_images\mo_12.jpg,auto,REVIEW,tiket200,REVIEW,COLOR_SPOOF,1,0.7197,0.9743,0.6516,6.18,0.299,1,,tiket200,0.7429,0.166,logo_048_pos_bg_light_gray_00.png,5441.7,"Candidate logo structure matches 'tiket200', but exhibits significant color drift (Delta E=6.2). Possible recolored spoof."
209,THREAT_CANDIDATE,mo_13.jpg,test_images\mo_13.jpg,auto,REVIEW,fufuslot,REVIEW,COLOR_SPOOF,1,0.6687,0.8264,0.5834,10.68,0.4245,1,,fufuslot,0.818,0.1279,logo_014_pos_pad_00.png,4168.0,"Candidate logo structure matches 'fufuslot', but exhibits significant color drift (Delta E=10.7). Possible recolored spoof."
210,THREAT_CANDIDATE,mo_14.jpg,test_images\mo_14.jpg,auto,REVIEW,super89,REVIEW,NUMBER_COLLISION,1,0.8196,0.9573,0.7843,6.43,0.6039,1,,super89,0.6625,0.2768,logo_033_pos_bg_dark_gray_00.png,3689.9,"Candidate visual identity matches 'super89', but alphanumeric text differs ('SUPER81' vs 'SUPER81'). Suspicious brand squatter/clone."
211,THREAT_CANDIDATE,mo_15.jpg,test_images\mo_15.jpg,auto,REVIEW,paduka500,REVIEW,COLOR_SPOOF,1,0.7697,0.8497,0.8951,6.87,0.5296,1,,paduka500,0.6071,0.2021,paduka500.png,3940.5,"Candidate logo structure matches 'paduka500', but exhibits significant color drift (Delta E=6.9). Possible recolored spoof."
212,THREAT_CANDIDATE,mo_16.jpg,test_images\mo_16.jpg,auto,REVIEW,UNKNOWN,UNKNOWN,UNRELATED,0,0.6689,0.7775,0.7398,17.56,0.5073,1,,paduka500,0.4546,0.1153,,9165.1,Competitor logo / unrelated image: No match with our protected brands or official logos.
213,THREAT_CANDIDATE,mo_2.jpg,test_images\mo_2.jpg,auto,REVIEW,asia100,REVIEW,ELEMENT_INJECTION,1,0.8509,0.9818,0.9775,1.3,0.7628,0,,asia100,0.6523,0.2491,asia100.png,7008.9,"Candidate matches 'asia100' overall, but auxiliary graphic/icon modifications were detected. Possible altered spoof."
214,THREAT_CANDIDATE,mo_3.png,test_images\mo_3.png,auto,REVIEW,surga88,REVIEW,ELEMENT_INJECTION,1,0.8568,0.9729,0.9288,5.63,0.503,1,,unknown,0.6021,0.6021,logo_041_pos_pad_00.png,4653.3,"Candidate matches 'surga88' overall, but auxiliary graphic/icon modifications were detected. Possible altered spoof."
215,THREAT_CANDIDATE,mo_4.png,test_images\mo_4.png,auto,REVIEW,surga55,REVIEW,NUMBER_COLLISION,1,0.7884,0.9345,0.7507,6.7,0.5214,1,,unknown,0.706,0.706,logo_039_pos_pad_00.png,11783.9,"Candidate visual identity matches 'surga55', but alphanumeric text differs ('SURGA555' vs 'SURGA55 SURGAGROUP'). Suspicious brand squatter/clone."
216,THREAT_CANDIDATE,mo_5.png,test_images\mo_5.png,auto,REVIEW,jagoledak,REVIEW,COLOR_SPOOF,1,0.7472,0.9206,0.7997,9.61,0.1968,1,,jagoledak,0.5959,0.3559,logo_018_pos_pad_01.png,5915.6,"Candidate logo structure matches 'jagoledak', but exhibits significant color drift (Delta E=9.6). Possible recolored spoof."
217,THREAT_CANDIDATE,mo_6.png,test_images\mo_6.png,auto,REVIEW,paduka500,REVIEW,ELEMENT_INJECTION,1,0.7177,0.8823,0.8682,3.03,0.4776,0,,paduka500,0.5076,0.3356,logo_025_pos_crop_00.png,5767.3,"Candidate matches 'paduka500' overall, but auxiliary graphic/icon modifications were detected. Possible altered spoof."
218,THREAT_CANDIDATE,mo_7.png,test_images\mo_7.png,auto,REVIEW,nusa211,REVIEW,ELEMENT_INJECTION,1,0.8034,0.9158,0.8261,2.33,0.459,1,,unknown,0.5638,0.5638,logo_023_pos_crop_00.png,5316.9,"Candidate matches 'nusa211' overall, but auxiliary graphic/icon modifications were detected. Possible altered spoof."
219,THREAT_CANDIDATE,mo_8.png,test_images\mo_8.png,auto,REVIEW,raja100,REVIEW,NUMBER_COLLISION,1,0.733,0.9316,0.5827,5.3,0.3606,1,,raja100,0.5046,0.4431,logo_027_pos_bg_dark_gray_00.png,5374.2,"Candidate visual identity matches 'raja100', but alphanumeric text differs ('RAJA1000 TEMPATBERMINPARASULTAN' vs 'RAJA100 TEMPATBERMAINPARASULTAN'). Suspicious brand squatter/clone."
220,THREAT_CANDIDATE,mo_9.png,test_images\mo_9.png,auto,REVIEW,hahasurga,REVIEW,ELEMENT_INJECTION,1,0.6247,0.8652,0.7194,4.98,0.1383,0,,unknown,0.7486,0.7486,hahasurga.png,4675.8,"Candidate matches 'hahasurga' overall, but auxiliary graphic/icon modifications were detected. Possible altered spoof."
221,THREAT_CANDIDATE,test.png,test_images\test.png,auto,MATCH,UNKNOWN,UNKNOWN,UNRELATED,0,0.6402,0.7081,0.6249,10.76,0.2345,0,,unknown,0.6402,0.6402,,2435.7,Competitor logo / unrelated image: Rejected by brand classifier as unknown/competitor.
222,THREAT_CANDIDATE,top111_modified.gif,test_images\top111_modified.gif,auto,MATCH,top111,REVIEW,COLOR_SPOOF,1,0.6993,0.8754,0.6151,22.42,0.8336,1,,unknown,0.8923,0.8923,top111.gif,19366.1,"Candidate logo structure matches 'top111', but exhibits significant color drift (Delta E=22.4). Possible recolored spoof."
223,COMPETITOR_NEGATIVE,655de25bde976_Logo Apizeus777 GIF.webp,dataset\competitor_logos\competitor\655de25bde976_Logo Apizeus777 GIF.webp,UNKNOWN,UNKNOWN,UNKNOWN,UNKNOWN,UNRELATED,1,0.7435,0.7435,0.306,19.84,0.7613,0,,unknown,0.3643,0.3643,,43213.1,Competitor logo / unrelated image: No match with our protected brands or official logos.
224,COMPETITOR_NEGATIVE,Daftar-Now-Bento4d.gif,dataset\competitor_logos\competitor\Daftar-Now-Bento4d.gif,UNKNOWN,UNKNOWN,UNKNOWN,UNKNOWN,UNRELATED,1,0.9431,0.5775,0.3766,25.15,0.3955,0,,unknown,0.9431,0.9431,,3646.3,Competitor logo / unrelated image: Rejected by brand classifier as unknown/competitor.
225,COMPETITOR_NEGATIVE,bobapetir.gif,dataset\competitor_logos\competitor\bobapetir.gif,UNKNOWN,UNKNOWN,UNKNOWN,UNKNOWN,UNRELATED,1,0.5783,0.6825,0.3876,29.03,0.4093,0,,unknown,0.5783,0.5783,,3412.0,Competitor logo / unrelated image: Rejected by brand classifier as unknown/competitor.
226,COMPETITOR_NEGATIVE,ibiza168logo.gif,dataset\competitor_logos\competitor\ibiza168logo.gif,UNKNOWN,UNKNOWN,UNKNOWN,UNKNOWN,UNRELATED,1,0.6278,0.644,0.4994,37.52,0.5966,0,,unknown,0.6278,0.6278,,4854.3,Competitor logo / unrelated image: Rejected by brand classifier as unknown/competitor.
227,COMPETITOR_NEGATIVE,logo-ajo89.webp,dataset\competitor_logos\competitor\logo-ajo89.webp,UNKNOWN,UNKNOWN,UNKNOWN,UNKNOWN,UNRELATED,1,0.8332,0.7008,0.5197,11.15,0.3242,0,,unknown,0.8332,0.8332,,3209.8,Competitor logo / unrelated image: Rejected by brand classifier as unknown/competitor.
228,COMPETITOR_NEGATIVE,logo-rumahtoto.webp,dataset\competitor_logos\competitor\logo-rumahtoto.webp,UNKNOWN,UNKNOWN,UNKNOWN,UNKNOWN,UNRELATED,1,0.7136,0.6735,0.2309,24.68,0.7199,0,,unknown,0.7136,0.7136,,5704.1,Competitor logo / unrelated image: Rejected by brand classifier as unknown/competitor.
229,COMPETITOR_NEGATIVE,logo_hokiemas88.webp,dataset\competitor_logos\competitor\logo_hokiemas88.webp,UNKNOWN,UNKNOWN,UNKNOWN,UNKNOWN,UNRELATED,1,0.8299,0.638,0.5099,10.09,0.3542,0,,unknown,0.8299,0.8299,,12363.8,Competitor logo / unrelated image: Rejected by brand classifier as unknown/competitor.
230,COMPETITOR_NEGATIVE,logojagoan.png,dataset\competitor_logos\competitor\logojagoan.png,UNKNOWN,UNKNOWN,UNKNOWN,UNKNOWN,UNRELATED,1,0.7969,0.6678,0.4388,16.31,0.4784,0,,unknown,0.7969,0.7969,,2131.4,Competitor logo / unrelated image: Rejected by brand classifier as unknown/competitor.
231,COMPETITOR_NEGATIVE,negative1.png,dataset\competitor_logos\competitor\negative1.png,UNKNOWN,UNKNOWN,UNKNOWN,UNKNOWN,UNRELATED,1,0.9897,0.7477,0.4547,14.5,0.4891,0,,unknown,0.9897,0.9897,,2607.1,Competitor logo / unrelated image: Rejected by brand classifier as unknown/competitor.
232,COMPETITOR_NEGATIVE,negative2.webp,dataset\competitor_logos\competitor\negative2.webp,UNKNOWN,UNKNOWN,UNKNOWN,UNKNOWN,UNRELATED,1,0.9805,0.7022,0.5644,31.77,0.2109,0,,unknown,0.9805,0.9805,,11007.0,Competitor logo / unrelated image: Rejected by brand classifier as unknown/competitor.
233,COMPETITOR_NEGATIVE,negative3.gif,dataset\competitor_logos\competitor\negative3.gif,UNKNOWN,UNKNOWN,UNKNOWN,UNKNOWN,UNRELATED,1,0.6645,0.713,0.3594,36.53,0.0162,0,,unknown,0.6645,0.6645,,3936.6,Competitor logo / unrelated image: Rejected by brand classifier as unknown/competitor.
234,COMPETITOR_NEGATIVE,asia100_modified.jpg,dataset\competitor_logos\modified_logos\asia100_modified.jpg,UNKNOWN,UNKNOWN,asia100,REVIEW,NUMBER_COLLISION,0,0.8529,0.9836,0.9743,2.93,0.7757,0,,asia100,0.6895,0.2058,asia100.png,9393.4,"Candidate visual identity matches 'asia100', but alphanumeric text differs ('7STA100 FORTUNEBEGINS WHERE ASIAS' vs 'ATSTA100 WHERE ASIASFORTUNEBEGINS'). Suspicious brand squatter/clone."
235,COMPETITOR_NEGATIVE,blackbg_modified.jpg,dataset\competitor_logos\modified_logos\blackbg_modified.jpg,UNKNOWN,UNKNOWN,surga88,REVIEW,COLOR_SPOOF,0,0.809,0.9719,0.8789,8.56,0.5027,1,,unknown,0.6733,0.6733,logo_041_pos_pad_00.png,9338.0,"Candidate logo structure matches 'surga88', but exhibits significant color drift (Delta E=8.6). Possible recolored spoof."
236,COMPETITOR_NEGATIVE,d200m_modified.jpg,dataset\competitor_logos\modified_logos\d200m_modified.jpg,UNKNOWN,UNKNOWN,d200m,REVIEW,ELEMENT_INJECTION,0,0.7648,0.9201,0.8247,3.77,0.3581,1,,unknown,0.8358,0.8358,d200m.png,9579.6,"Candidate matches 'd200m' overall, but auxiliary graphic/icon modifications were detected. Possible altered spoof."
237,COMPETITOR_NEGATIVE,dewi_modified_color.gif,dataset\competitor_logos\modified_logos\dewi_modified_color.gif,UNKNOWN,UNKNOWN,dewi11,REVIEW,COLOR_SPOOF,0,0.7791,0.9597,0.9277,14.78,0.9357,0,,unknown,0.6699,0.6699,dewi11.gif,3724.2,"Candidate logo structure matches 'dewi11', but exhibits significant color drift (Delta E=14.8). Possible recolored spoof."
238,COMPETITOR_NEGATIVE,hahasurga_modified-removebg-preview.png,dataset\competitor_logos\modified_logos\hahasurga_modified-removebg-preview.png,UNKNOWN,UNKNOWN,hahasurga,REVIEW,ELEMENT_INJECTION,0,0.6247,0.8652,0.7194,4.98,0.1383,0,,unknown,0.7486,0.7486,hahasurga.png,4985.1,"Candidate matches 'hahasurga' overall, but auxiliary graphic/icon modifications were detected. Possible altered spoof."
239,COMPETITOR_NEGATIVE,jagoledak_blackbg_modified.png,dataset\competitor_logos\modified_logos\jagoledak_blackbg_modified.png,UNKNOWN,UNKNOWN,jagoledak,REVIEW,COLOR_SPOOF,0,0.7472,0.9206,0.7997,9.61,0.1968,1,,jagoledak,0.5959,0.3559,logo_018_pos_pad_01.png,4418.1,"Candidate logo structure matches 'jagoledak', but exhibits significant color drift (Delta E=9.6). Possible recolored spoof."
240,COMPETITOR_NEGATIVE,jagoledak_modified-removebg-preview.png,dataset\competitor_logos\modified_logos\jagoledak_modified-removebg-preview.png,UNKNOWN,UNKNOWN,jagoledak,REVIEW,ELEMENT_INJECTION,0,0.7507,0.9206,0.7967,6.0,0.1968,1,,jagoledak,0.5957,0.356,logo_018_pos_pad_01.png,4167.5,"Candidate matches 'jagoledak' overall, but auxiliary graphic/icon modifications were detected. Possible altered spoof."
241,COMPETITOR_NEGATIVE,modified_bonaslot.jpg,dataset\competitor_logos\modified_logos\modified_bonaslot.jpg,UNKNOWN,UNKNOWN,bonaslot,REVIEW,COLOR_SPOOF,0,0.7028,0.8779,0.6417,9.43,0.5445,1,,unknown,0.728,0.728,logo_007_pos_bg_dark_gray_00.png,7880.2,"Candidate logo structure matches 'bonaslot', but exhibits significant color drift (Delta E=9.4). Possible recolored spoof."
242,COMPETITOR_NEGATIVE,nusa211_modified1-removebg-preview.png,dataset\competitor_logos\modified_logos\nusa211_modified1-removebg-preview.png,UNKNOWN,UNKNOWN,nusa211,REVIEW,ELEMENT_INJECTION,0,0.8034,0.9158,0.8261,2.33,0.459,1,,unknown,0.5638,0.5638,logo_023_pos_crop_00.png,4080.5,"Candidate matches 'nusa211' overall, but auxiliary graphic/icon modifications were detected. Possible altered spoof."
243,COMPETITOR_NEGATIVE,nusa211_modified_bl_bg.jpg,dataset\competitor_logos\modified_logos\nusa211_modified_bl_bg.jpg,UNKNOWN,UNKNOWN,nusa211,REVIEW,NUMBER_COLLISION,0,0.7914,0.9361,0.7804,4.16,0.3812,1,,nusa211,0.4876,0.4478,logo_023_pos_pad_01.png,8347.9,"Candidate visual identity matches 'nusa211', but alphanumeric text differs ('NUSA2111' vs 'NUSA211'). Suspicious brand squatter/clone."
244,COMPETITOR_NEGATIVE,paduka500_blackbg.png,dataset\competitor_logos\modified_logos\paduka500_blackbg.png,UNKNOWN,UNKNOWN,paduka500,REVIEW,ELEMENT_INJECTION,0,0.7183,0.8835,0.8622,2.76,0.4833,0,,paduka500,0.4458,0.3912,logo_025_pos_crop_00.png,4203.5,"Candidate matches 'paduka500' overall, but auxiliary graphic/icon modifications were detected. Possible altered spoof."
245,COMPETITOR_NEGATIVE,raja100_modified-removebg-preview.png,dataset\competitor_logos\modified_logos\raja100_modified-removebg-preview.png,UNKNOWN,UNKNOWN,raja100,REVIEW,NUMBER_COLLISION,0,0.733,0.9316,0.5827,5.3,0.3606,1,,raja100,0.5046,0.4431,logo_027_pos_bg_dark_gray_00.png,3871.4,"Candidate visual identity matches 'raja100', but alphanumeric text differs ('RAJA1000 TEMPATBERMINPARASULTAN' vs 'RAJA100 TEMPATBERMAINPARASULTAN'). Suspicious brand squatter/clone."
246,COMPETITOR_NEGATIVE,surga55_modified-Photoroom.png,dataset\competitor_logos\modified_logos\surga55_modified-Photoroom.png,UNKNOWN,UNKNOWN,surga55,REVIEW,NUMBER_COLLISION,0,0.7884,0.9345,0.7507,6.7,0.5214,1,,unknown,0.706,0.706,logo_039_pos_pad_00.png,8440.3,"Candidate visual identity matches 'surga55', but alphanumeric text differs ('SURGA555' vs 'SURGA55 SURGAGROUP'). Suspicious brand squatter/clone."
247,COMPETITOR_NEGATIVE,surga88_modified-removebg-preview.png,dataset\competitor_logos\modified_logos\surga88_modified-removebg-preview.png,UNKNOWN,UNKNOWN,surga88,REVIEW,ELEMENT_INJECTION,0,0.8568,0.9729,0.9288,5.63,0.503,1,,unknown,0.6021,0.6021,logo_041_pos_pad_00.png,4412.1,"Candidate matches 'surga88' overall, but auxiliary graphic/icon modifications were detected. Possible altered spoof."
248,COMPETITOR_NEGATIVE,top111_modified.gif,dataset\competitor_logos\modified_logos\top111_modified.gif,UNKNOWN,UNKNOWN,top111,REVIEW,COLOR_SPOOF,0,0.6993,0.8754,0.6151,22.42,0.8336,1,,unknown,0.8923,0.8923,top111.gif,21761.4,"Candidate logo structure matches 'top111', but exhibits significant color drift (Delta E=22.4). Possible recolored spoof."
249,COMPETITOR_NEGATIVE,logo_001_neg_color_modified_00.png,dataset\competitor_logos\negative\color_modified\logo_001\logo_001_neg_color_modified_00.png,UNKNOWN,UNKNOWN,a200m,REVIEW,COLOR_SPOOF,0,0.8509,0.9928,0.9771,13.85,0.999,1,,a200m,0.6874,0.1776,a200m.png,2653.7,"Candidate logo structure matches 'a200m', but exhibits significant color drift (Delta E=13.8). Possible recolored spoof."
250,COMPETITOR_NEGATIVE,logo_002_neg_color_modified_00.png,dataset\competitor_logos\negative\color_modified\logo_002\logo_002_neg_color_modified_00.png,UNKNOWN,UNKNOWN,asia100,REVIEW,COLOR_SPOOF,0,0.8374,0.9865,0.9743,15.98,0.8217,1,,asia100,0.6563,0.2507,asia100.png,5288.1,"Candidate logo structure matches 'asia100', but exhibits significant color drift (Delta E=16.0). Possible recolored spoof."
251,COMPETITOR_NEGATIVE,logo_003_neg_color_modified_00.png,dataset\competitor_logos\negative\color_modified\logo_003\logo_003_neg_color_modified_00.png,UNKNOWN,UNKNOWN,asia200,REVIEW,COLOR_SPOOF,0,0.759,0.9136,0.7945,28.81,0.9273,1,,unknown,0.9165,0.9165,asia200.png,2172.6,"Candidate logo structure matches 'asia200', but exhibits significant color drift (Delta E=28.8). Possible recolored spoof."
252,COMPETITOR_NEGATIVE,logo_004_neg_color_modified_00.png,dataset\competitor_logos\negative\color_modified\logo_004\logo_004_neg_color_modified_00.png,UNKNOWN,UNKNOWN,asia300,REVIEW,COLOR_SPOOF,0,0.6625,0.9413,0.8057,31.42,0.7423,0,,unknown,0.9066,0.9066,asia300.png,4932.4,"Candidate logo structure matches 'asia300', but exhibits significant color drift (Delta E=31.4). Possible recolored spoof."
253,COMPETITOR_NEGATIVE,logo_005_neg_color_modified_00.png,dataset\competitor_logos\negative\color_modified\logo_005\logo_005_neg_color_modified_00.png,UNKNOWN,UNKNOWN,asia400,REVIEW,COLOR_SPOOF,0,0.7423,0.9659,0.9435,16.21,0.8804,0,,unknown,0.7428,0.7428,asia400.png,4892.7,"Candidate logo structure matches 'asia400', but exhibits significant color drift (Delta E=16.2). Possible recolored spoof."
254,COMPETITOR_NEGATIVE,logo_006_neg_color_modified_00.png,dataset\competitor_logos\negative\color_modified\logo_006\logo_006_neg_color_modified_00.png,UNKNOWN,UNKNOWN,b200m,REVIEW,COLOR_SPOOF,0,0.8229,0.9653,0.9551,23.32,0.9749,1,,unknown,0.972,0.972,b200m.png,2798.0,"Candidate logo structure matches 'b200m', but exhibits significant color drift (Delta E=23.3). Possible recolored spoof."
255,COMPETITOR_NEGATIVE,logo_007_neg_color_modified_00.png,dataset\competitor_logos\negative\color_modified\logo_007\logo_007_neg_color_modified_00.png,UNKNOWN,UNKNOWN,bonaslot,REVIEW,COLOR_SPOOF,0,0.859,0.9627,0.9673,17.36,0.9625,1,,bonaslot,0.6208,0.3373,bonaslot.png,2710.3,"Candidate logo structure matches 'bonaslot', but exhibits significant color drift (Delta E=17.4). Possible recolored spoof."
256,COMPETITOR_NEGATIVE,logo_008_neg_color_modified_00.png,dataset\competitor_logos\negative\color_modified\logo_008\logo_008_neg_color_modified_00.png,UNKNOWN,UNKNOWN,c200m,REVIEW,COLOR_SPOOF,0,0.7945,0.9325,0.8886,46.08,0.9729,1,,unknown,0.8273,0.8273,c200m.png,2309.0,"Candidate logo structure matches 'c200m', but exhibits significant color drift (Delta E=46.1). Possible recolored spoof."
257,COMPETITOR_NEGATIVE,logo_009_neg_color_modified_00.png,dataset\competitor_logos\negative\color_modified\logo_009\logo_009_neg_color_modified_00.png,UNKNOWN,UNKNOWN,d200m,REVIEW,COLOR_SPOOF,0,0.8027,0.9475,0.8921,31.52,0.9836,1,,unknown,0.6406,0.6406,d200m.png,2844.9,"Candidate logo structure matches 'd200m', but exhibits significant color drift (Delta E=31.5). Possible recolored spoof."
258,COMPETITOR_NEGATIVE,logo_010_neg_color_modified_00.png,dataset\competitor_logos\negative\color_modified\logo_010\logo_010_neg_color_modified_00.png,UNKNOWN,UNKNOWN,depo89,REVIEW,NUMBER_COLLISION,0,0.9042,0.9916,0.9462,6.7,0.9967,1,,depo89,0.7886,0.1781,depo89.png,2073.7,"Candidate visual identity matches 'depo89', but alphanumeric text differs ('DEPO8' vs '89 DEPO'). Suspicious brand squatter/clone."
259,COMPETITOR_NEGATIVE,logo_011_neg_color_modified_00.png,dataset\competitor_logos\negative\color_modified\logo_011\logo_011_neg_color_modified_00.png,UNKNOWN,UNKNOWN,UNKNOWN,UNKNOWN,UNRELATED,1,0.6526,0.726,0.2218,23.24,0.1474,0,,unknown,0.6526,0.6526,,3152.6,Competitor logo / unrelated image: Rejected by brand classifier as unknown/competitor.
260,COMPETITOR_NEGATIVE,logo_012_neg_color_modified_00.png,dataset\competitor_logos\negative\color_modified\logo_012\logo_012_neg_color_modified_00.png,UNKNOWN,UNKNOWN,e200m,REVIEW,COLOR_SPOOF,0,0.8316,0.9656,0.9718,21.27,0.9775,1,,unknown,0.8827,0.8827,e200m.png,2537.3,"Candidate logo structure matches 'e200m', but exhibits significant color drift (Delta E=21.3). Possible recolored spoof."
261,COMPETITOR_NEGATIVE,logo_013_neg_color_modified_00.png,dataset\competitor_logos\negative\color_modified\logo_013\logo_013_neg_color_modified_00.png,UNKNOWN,UNKNOWN,f200m,REVIEW,COLOR_SPOOF,0,0.8552,0.977,0.9699,12.77,0.9206,1,,unknown,0.472,0.472,f200m.png,2369.9,"Candidate logo structure matches 'f200m', but exhibits significant color drift (Delta E=12.8). Possible recolored spoof."
262,COMPETITOR_NEGATIVE,logo_014_neg_color_modified_00.png,dataset\competitor_logos\negative\color_modified\logo_014\logo_014_neg_color_modified_00.png,UNKNOWN,UNKNOWN,fufuslot,REVIEW,COLOR_SPOOF,0,0.9238,0.9839,0.9943,9.81,0.9866,1,,fufuslot,0.6838,0.1969,fufuslot.png,1815.8,"Candidate logo structure matches 'fufuslot', but exhibits significant color drift (Delta E=9.8). Possible recolored spoof."
263,COMPETITOR_NEGATIVE,logo_015_neg_color_modified_00.png,dataset\competitor_logos\negative\color_modified\logo_015\logo_015_neg_color_modified_00.png,UNKNOWN,UNKNOWN,g200m,REVIEW,NUMBER_COLLISION,0,0.8119,0.9709,0.9139,14.03,0.9,1,,unknown,0.9403,0.9403,g200m.png,2027.0,"Candidate visual identity matches 'g200m', but alphanumeric text differs ('GZ00M 200MGROUP' vs 'GZ0DM 200MGROUP'). Suspicious brand squatter/clone."
264,COMPETITOR_NEGATIVE,logo_016_neg_color_modified_00.png,dataset\competitor_logos\negative\color_modified\logo_016\logo_016_neg_color_modified_00.png,UNKNOWN,UNKNOWN,hahasurga,REVIEW,COLOR_SPOOF,0,0.7962,0.9828,0.9709,15.42,0.5046,1,,unknown,0.7278,0.7278,hahasurga.png,11950.1,"Candidate logo structure matches 'hahasurga', but exhibits significant color drift (Delta E=15.4). Possible recolored spoof."
265,COMPETITOR_NEGATIVE,logo_017_neg_color_modified_00.png,dataset\competitor_logos\negative\color_modified\logo_017\logo_017_neg_color_modified_00.png,UNKNOWN,UNKNOWN,j200m,REVIEW,COLOR_SPOOF,0,0.8049,0.9453,0.9437,37.11,0.921,1,,unknown,0.9163,0.9163,j200m.png,2859.6,"Candidate logo structure matches 'j200m', but exhibits significant color drift (Delta E=37.1). Possible recolored spoof."
266,COMPETITOR_NEGATIVE,logo_018_neg_color_modified_00.png,dataset\competitor_logos\negative\color_modified\logo_018\logo_018_neg_color_modified_00.png,UNKNOWN,UNKNOWN,jagoledak,REVIEW,COLOR_SPOOF,0,0.7381,0.9235,0.7883,34.96,0.774,1,,unknown,0.9235,0.9235,logo_018_pos_bg_dark_gray_00.png,5374.7,"Candidate logo structure matches 'jagoledak', but exhibits significant color drift (Delta E=35.0). Possible recolored spoof."
267,COMPETITOR_NEGATIVE,logo_019_neg_color_modified_00.png,dataset\competitor_logos\negative\color_modified\logo_019\logo_019_neg_color_modified_00.png,UNKNOWN,UNKNOWN,jos007,REVIEW,COLOR_SPOOF,0,0.791,0.9537,0.8517,32.76,0.9607,1,,unknown,0.601,0.601,jos007.png,2104.6,"Candidate logo structure matches 'jos007', but exhibits significant color drift (Delta E=32.8). Possible recolored spoof."
268,COMPETITOR_NEGATIVE,logo_020_neg_color_modified_00.png,dataset\competitor_logos\negative\color_modified\logo_020\logo_020_neg_color_modified_00.png,UNKNOWN,UNKNOWN,k200m,REVIEW,COLOR_SPOOF,0,0.8571,0.9926,0.986,10.42,0.9584,1,,k200m,0.7886,0.1498,k200m.png,2120.3,"Candidate logo structure matches 'k200m', but exhibits significant color drift (Delta E=10.4). Possible recolored spoof."
269,COMPETITOR_NEGATIVE,logo_021_neg_color_modified_00.png,dataset\competitor_logos\negative\color_modified\logo_021\logo_021_neg_color_modified_00.png,UNKNOWN,UNKNOWN,UNKNOWN,UNKNOWN,UNRELATED,1,0.5649,0.7676,0.1823,41.76,0.0,0,,unknown,0.5649,0.5649,,2174.2,Competitor logo / unrelated image: Rejected by brand classifier as unknown/competitor.
270,COMPETITOR_NEGATIVE,logo_022_neg_color_modified_00.png,dataset\competitor_logos\negative\color_modified\logo_022\logo_022_neg_color_modified_00.png,UNKNOWN,UNKNOWN,mposurga,REVIEW,COLOR_SPOOF,0,0.8548,0.9727,0.9828,18.22,0.996,1,,unknown,0.6498,0.6498,mposurga.png,2064.5,"Candidate logo structure matches 'mposurga', but exhibits significant color drift (Delta E=18.2). Possible recolored spoof."
271,COMPETITOR_NEGATIVE,logo_023_neg_color_modified_00.png,dataset\competitor_logos\negative\color_modified\logo_023\logo_023_neg_color_modified_00.png,UNKNOWN,UNKNOWN,nusa211,REVIEW,COLOR_SPOOF,0,0.7823,0.9451,0.9017,23.33,0.833,1,,unknown,0.9036,0.9036,nusa211.png,2136.6,"Candidate logo structure matches 'nusa211', but exhibits significant color drift (Delta E=23.3). Possible recolored spoof."
272,COMPETITOR_NEGATIVE,logo_024_neg_color_modified_00.png,dataset\competitor_logos\negative\color_modified\logo_024\logo_024_neg_color_modified_00.png,UNKNOWN,UNKNOWN,p200m,REVIEW,COLOR_SPOOF,0,0.7572,0.9823,0.6365,14.36,0.9109,1,,p200m,0.62,0.072,p200m.png,2215.7,"Candidate logo structure matches 'p200m', but exhibits significant color drift (Delta E=14.4). Possible recolored spoof."
273,COMPETITOR_NEGATIVE,logo_025_neg_color_modified_00.png,dataset\competitor_logos\negative\color_modified\logo_025\logo_025_neg_color_modified_00.png,UNKNOWN,UNKNOWN,paduka500,REVIEW,NUMBER_COLLISION,0,0.8524,0.94,0.9757,18.53,0.9005,1,,paduka500,0.485,0.4396,paduka500.png,2327.2,"Candidate visual identity matches 'paduka500', but alphanumeric text differs ('PADUKA5DO TEMPATBERMAINPADUKARAJA' vs 'PADUKA5DD TEMPATBERMAINPADUKARAJA'). Suspicious brand squatter/clone."
274,COMPETITOR_NEGATIVE,logo_026_neg_color_modified_00.png,dataset\competitor_logos\negative\color_modified\logo_026\logo_026_neg_color_modified_00.png,UNKNOWN,UNKNOWN,pasti200m,REVIEW,COLOR_SPOOF,0,0.8547,0.9781,0.9161,13.31,0.9453,1,,pasti200m,0.8163,0.1586,pasti200m.png,2275.5,"Candidate logo structure matches 'pasti200m', but exhibits significant color drift (Delta E=13.3). Possible recolored spoof."
275,COMPETITOR_NEGATIVE,logo_027_neg_color_modified_00.png,dataset\competitor_logos\negative\color_modified\logo_027\logo_027_neg_color_modified_00.png,UNKNOWN,UNKNOWN,raja100,REVIEW,NUMBER_COLLISION,0,0.8742,0.9923,0.9922,9.69,0.9967,1,,raja100,0.8301,0.137,raja100.png,2196.7,"Candidate visual identity matches 'raja100', but alphanumeric text differs ('RAJA1O0 TEMPATBERMAINPARASULTAN' vs 'RAJA100 TEMPATBERMAINPARASULTAN'). Suspicious brand squatter/clone."
276,COMPETITOR_NEGATIVE,logo_028_neg_color_modified_00.png,dataset\competitor_logos\negative\color_modified\logo_028\logo_028_neg_color_modified_00.png,UNKNOWN,UNKNOWN,sgcplay,REVIEW,COLOR_SPOOF,0,0.8492,0.985,0.9888,14.49,0.9994,1,,unknown,0.3857,0.3857,sgcplay.png,2467.8,"Candidate logo structure matches 'sgcplay', but exhibits significant color drift (Delta E=14.5). Possible recolored spoof."
277,COMPETITOR_NEGATIVE,logo_029_neg_color_modified_00.png,dataset\competitor_logos\negative\color_modified\logo_029\logo_029_neg_color_modified_00.png,UNKNOWN,UNKNOWN,sgcvip,REVIEW,COLOR_SPOOF,0,0.8292,0.9795,0.9479,33.24,0.9962,1,,sgcvip,0.7723,0.1538,sgcvip.png,4215.5,"Candidate logo structure matches 'sgcvip', but exhibits significant color drift (Delta E=33.2). Possible recolored spoof."
278,COMPETITOR_NEGATIVE,logo_030_neg_color_modified_00.png,dataset\competitor_logos\negative\color_modified\logo_030\logo_030_neg_color_modified_00.png,UNKNOWN,UNKNOWN,sgcwin,REVIEW,COLOR_SPOOF,0,0.8443,0.9805,0.9449,19.99,0.9978,1,,unknown,0.9291,0.9291,sgcwin.png,2393.5,"Candidate logo structure matches 'sgcwin', but exhibits significant color drift (Delta E=20.0). Possible recolored spoof."
279,COMPETITOR_NEGATIVE,logo_031_neg_color_modified_00.png,dataset\competitor_logos\negative\color_modified\logo_031\logo_031_neg_color_modified_00.png,UNKNOWN,UNKNOWN,sgcwin77,REVIEW,COLOR_SPOOF,0,0.6499,0.9846,0.9671,20.01,0.2866,0,,unknown,0.4728,0.4728,logo_031_pos_pad_01.png,13526.1,"Candidate logo structure matches 'sgcwin77', but exhibits significant color drift (Delta E=20.0). Possible recolored spoof."
280,COMPETITOR_NEGATIVE,logo_032_neg_color_modified_00.png,dataset\competitor_logos\negative\color_modified\logo_032\logo_032_neg_color_modified_00.png,UNKNOWN,UNKNOWN,sgcwin88,REVIEW,NUMBER_COLLISION,0,0.8223,0.9696,0.9378,26.01,0.9902,1,,unknown,0.7452,0.7452,sgcwin88.png,3923.8,"Candidate visual identity matches 'sgcwin88', but alphanumeric text differs ('SGCWIN8 SGCWIN GROUP' vs 'SGCWIN8 SGCWIN GROUP'). Suspicious brand squatter/clone."
281,COMPETITOR_NEGATIVE,logo_033_neg_color_modified_00.png,dataset\competitor_logos\negative\color_modified\logo_033\logo_033_neg_color_modified_00.png,UNKNOWN,UNKNOWN,super89,REVIEW,NUMBER_COLLISION,0,0.7725,0.9175,0.8974,35.65,0.8447,1,,unknown,0.9771,0.9771,super89.png,2370.2,"Candidate visual identity matches 'super89', but alphanumeric text differs ('SUPER81' vs 'SUPER81'). Suspicious brand squatter/clone."
282,COMPETITOR_NEGATIVE,logo_034_neg_color_modified_00.png,dataset\competitor_logos\negative\color_modified\logo_034\logo_034_neg_color_modified_00.png,UNKNOWN,UNKNOWN,surga11,REVIEW,COLOR_SPOOF,0,0.6788,0.9724,0.9574,43.49,0.5037,0,,unknown,0.9676,0.9676,logo_034_pos_pad_01.png,12810.4,"Candidate logo structure matches 'surga11', but exhibits significant color drift (Delta E=43.5). Possible recolored spoof."
